techniqueID,tactic,score,comment
T1556.006,credential-access,8,"Mitigated by AC-1, AC-2, AC-3, AC-6, AU-1, AU-2, IA-11, IA-2"
T1556.006,defense-evasion,8,"Mitigated by AC-1, AC-2, AC-3, AC-6, AU-1, AU-2, IA-11, IA-2"
T1556.006,persistence,8,"Mitigated by AC-1, AC-2, AC-3, AC-6, AU-1, AU-2, IA-11, IA-2"
T1556.007,credential-access,8,"Mitigated by AC-1, AC-2, AC-3, AC-6, AU-1, AU-2, IA-11, IA-2"
T1556.007,defense-evasion,8,"Mitigated by AC-1, AC-2, AC-3, AC-6, AU-1, AU-2, IA-11, IA-2"
T1556.007,persistence,8,"Mitigated by AC-1, AC-2, AC-3, AC-6, AU-1, AU-2, IA-11, IA-2"
T1137,persistence,13,"Mitigated by AC-10, AC-17, AC-6, CM-2, CM-6, CM-8, RA-5, SC-18, SC-44, SI-2, SI-3, SI-4, SI-8"
T1137.002,persistence,10,"Mitigated by AC-10, AC-14, AC-17, AC-6, CM-2, CM-5, CM-6, SC-18, SC-44, SI-8"
T1185,collection,14,"Mitigated by AC-10, AC-12, AC-2, AC-3, AC-5, AC-6, CA-7, CM-2, CM-5, IA-2, SC-23, SI-3, SI-4, SI-7"
T1528,credential-access,19,"Mitigated by AC-10, AC-2, AC-3, AC-4, AC-5, AC-6, CA-7, CA-8, CM-2, CM-5, CM-6, IA-2, IA-4, IA-5, IA-8, RA-5, SA-11, SA-15, SI-4"
T1021.001,lateral-movement,24,"Mitigated by AC-11, AC-12, AC-17, AC-2, AC-20, AC-3, AC-4, AC-5, AC-6, AC-7, CA-8, CM-2, CM-5, CM-6, CM-7, CM-8, IA-2, IA-4, IA-5, IA-6, RA-5, SC-46, SC-7, SI-4"
T1563.002,lateral-movement,18,"Mitigated by AC-11, AC-12, AC-17, AC-2, AC-3, AC-4, AC-5, AC-6, CM-2, CM-5, CM-6, CM-7, CM-8, IA-2, RA-5, SC-46, SC-7, SI-4"
T1072,execution,24,"Mitigated by AC-12, AC-2, AC-20, AC-3, AC-4, AC-5, AC-6, CA-7, CM-2, CM-5, CM-6, CM-7, CM-8, IA-2, IA-5, SC-12, SC-17, SC-46, SC-7, SI-2, SI-23, SI-3, SI-4, SI-7"
T1072,lateral-movement,24,"Mitigated by AC-12, AC-2, AC-20, AC-3, AC-4, AC-5, AC-6, CA-7, CM-2, CM-5, CM-6, CM-7, CM-8, IA-2, IA-5, SC-12, SC-17, SC-46, SC-7, SI-2, SI-23, SI-3, SI-4, SI-7"
T1505.005,persistence,11,"Mitigated by AC-12, AC-17, AC-2, AC-20, AC-3, AC-5, AC-6, CM-2, CM-6, RA-5, SI-4"
T1020.001,exfiltration,16,"Mitigated by AC-16, AC-17, AC-18, AC-19, AC-20, AC-4, CA-3, CM-2, CM-6, CM-8, SC-4, SC-7, SC-8, SI-12, SI-4, SI-7"
T1070,defense-evasion,21,"Mitigated by AC-16, AC-17, AC-18, AC-19, AC-2, AC-3, AC-5, AC-6, CA-7, CM-2, CM-6, CP-6, CP-7, CP-9, SC-36, SC-4, SI-12, SI-23, SI-3, SI-4, SI-7"
T1070.001,defense-evasion,21,"Mitigated by AC-16, AC-17, AC-18, AC-19, AC-2, AC-3, AC-5, AC-6, CA-7, CM-2, CM-6, CP-6, CP-7, CP-9, SC-36, SC-4, SI-12, SI-23, SI-3, SI-4, SI-7"
T1222,defense-evasion,11,"Mitigated by AC-16, AC-2, AC-3, AC-5, AC-6, CA-7, CM-5, CM-6, IA-2, SI-4, SI-7"
T1505,persistence,23,"Mitigated by AC-16, AC-2, AC-3, AC-5, AC-6, CA-8, CM-11, CM-2, CM-5, CM-6, CM-8, IA-2, RA-5, SA-10, SA-11, SC-16, SI-14, SI-4, SI-7, SR-11, SR-4, SR-5, SR-6"
T1537,exfiltration,20,"Mitigated by AC-16, AC-17, AC-2, AC-20, AC-3, AC-4, AC-5, AC-6, CA-7, CM-5, CM-6, CM-7, IA-2, IA-3, IA-4, IA-8, SC-7, SI-10, SI-15, SI-4"
T1547.007,persistence,11,"Mitigated by AC-16, AC-3, CM-2, CM-3, CM-5, CM-6, CM-7, CM-8, RA-5, SI-3, SI-4"
T1547.007,privilege-escalation,11,"Mitigated by AC-16, AC-3, CM-2, CM-3, CM-5, CM-6, CM-7, CM-8, RA-5, SI-3, SI-4"
T1548.003,privilege-escalation,13,"Mitigated by AC-16, AC-2, AC-3, AC-5, AC-6, CA-7, CM-2, CM-5, CM-6, CM-7, IA-2, RA-5, SI-4"
T1548.003,defense-evasion,13,"Mitigated by AC-16, AC-2, AC-3, AC-5, AC-6, CA-7, CM-2, CM-5, CM-6, CM-7, IA-2, RA-5, SI-4"
T1550.001,defense-evasion,16,"Mitigated by AC-16, AC-17, AC-19, AC-20, CA-8, CM-10, CM-11, CM-2, CM-6, IA-2, IA-4, SC-28, SC-8, SI-12, SI-4, SI-7"
T1550.001,lateral-movement,16,"Mitigated by AC-16, AC-17, AC-19, AC-20, CA-8, CM-10, CM-11, CM-2, CM-6, IA-2, IA-4, SC-28, SC-8, SI-12, SI-4, SI-7"
T1552.005,credential-access,13,"Mitigated by AC-16, AC-20, AC-3, AC-4, CA-7, CM-6, CM-7, IA-3, IA-4, SC-7, SI-10, SI-15, SI-4"
T1558,credential-access,19,"Mitigated by AC-16, AC-17, AC-18, AC-19, AC-2, AC-3, AC-5, AC-6, CA-7, CM-2, CM-5, CM-6, IA-2, IA-5, SC-4, SI-12, SI-3, SI-4, SI-7"
T1558.003,credential-access,19,"Mitigated by AC-16, AC-17, AC-18, AC-19, AC-2, AC-3, AC-5, AC-6, CA-7, CM-2, CM-5, CM-6, IA-2, IA-5, SC-4, SI-12, SI-3, SI-4, SI-7"
T1565,impact,26,"Mitigated by AC-16, AC-17, AC-18, AC-19, AC-20, AC-3, AC-4, CA-7, CM-2, CM-6, CM-7, CM-8, CP-10, CP-6, CP-7, CP-9, SC-28, SC-36, SC-4, SC-46, SC-7, SI-12, SI-16, SI-23, SI-4, SI-7"
T1565.001,impact,23,"Mitigated by AC-16, AC-17, AC-18, AC-19, AC-20, AC-3, CA-7, CM-2, CM-6, CM-8, CP-10, CP-6, CP-7, CP-9, SC-28, SC-36, SC-4, SC-7, SI-12, SI-16, SI-23, SI-4, SI-7"
T1565.002,impact,12,"Mitigated by AC-16, AC-17, AC-18, AC-19, AC-20, CM-2, CM-6, CM-8, SC-4, SI-12, SI-4, SI-7"
T1567,exfiltration,17,"Mitigated by AC-16, AC-2, AC-20, AC-23, AC-3, AC-4, AC-6, CA-3, CA-7, SA-8, SA-9, SC-28, SC-31, SC-7, SI-3, SI-4, SR-4"
T1602.002,collection,25,"Mitigated by AC-16, AC-17, AC-18, AC-19, AC-20, AC-3, AC-4, CA-7, CM-2, CM-6, CM-7, CM-8, IA-3, IA-4, SC-28, SC-3, SC-4, SC-7, SC-8, SI-10, SI-12, SI-15, SI-3, SI-4, SI-7"
T1003,credential-access,22,"Mitigated by AC-16, AC-2, AC-3, AC-4, AC-5, AC-6, CA-7, CM-2, CM-5, CM-6, CM-7, CP-9, IA-2, IA-4, IA-5, SC-28, SC-39, SI-12, SI-2, SI-3, SI-4, SI-7"
T1025,collection,15,"Mitigated by AC-16, AC-2, AC-23, AC-3, AC-6, CM-12, CP-9, MP-7, SA-8, SC-13, SC-28, SC-38, SC-41, SI-3, SI-4"
T1041,exfiltration,18,"Mitigated by AC-16, AC-2, AC-20, AC-23, AC-3, AC-4, AC-6, CA-3, CA-7, SA-8, SA-9, SC-13, SC-28, SC-31, SC-7, SI-3, SI-4, SR-4"
T1048,exfiltration,23,"Mitigated by AC-16, AC-2, AC-20, AC-23, AC-3, AC-4, AC-6, CA-3, CA-7, CM-2, CM-6, CM-7, SA-8, SA-9, SC-28, SC-31, SC-46, SC-7, SI-10, SI-15, SI-3, SI-4, SR-4"
T1048.002,exfiltration,23,"Mitigated by AC-16, AC-2, AC-20, AC-23, AC-3, AC-4, AC-6, CA-3, CA-7, CM-2, CM-6, CM-7, SA-8, SA-9, SC-28, SC-31, SC-46, SC-7, SI-10, SI-15, SI-3, SI-4, SR-4"
T1048.003,exfiltration,24,"Mitigated by AC-16, AC-2, AC-20, AC-23, AC-3, AC-4, AC-6, CA-3, CA-7, CM-2, CM-6, CM-7, SA-8, SA-9, SC-13, SC-28, SC-31, SC-46, SC-7, SI-10, SI-15, SI-3, SI-4, SR-4"
T1052,exfiltration,19,"Mitigated by AC-16, AC-2, AC-20, AC-23, AC-3, AC-6, CA-7, CM-2, CM-6, CM-7, CM-8, MP-7, RA-5, SA-8, SC-28, SC-41, SI-3, SI-4, SR-4"
T1052.001,exfiltration,19,"Mitigated by AC-16, AC-2, AC-20, AC-23, AC-3, AC-6, CA-7, CM-2, CM-6, CM-7, CM-8, MP-7, RA-5, SA-8, SC-28, SC-41, SI-3, SI-4, SR-4"
T1070.002,defense-evasion,21,"Mitigated by AC-16, AC-17, AC-18, AC-19, AC-2, AC-3, AC-5, AC-6, CA-7, CM-2, CM-6, CP-6, CP-7, CP-9, SC-36, SC-4, SI-12, SI-23, SI-3, SI-4, SI-7"
T1114,collection,14,"Mitigated by AC-16, AC-17, AC-19, AC-20, AC-3, AC-4, CM-2, CM-6, IA-2, IA-5, SC-7, SI-12, SI-4, SI-7"
T1114.001,collection,8,"Mitigated by AC-16, AC-17, AC-19, AC-20, AC-4, SI-12, SI-4, SI-7"
T1114.002,collection,13,"Mitigated by AC-16, AC-17, AC-19, AC-20, AC-3, AC-4, CM-2, CM-6, IA-2, IA-5, SI-12, SI-4, SI-7"
T1114.003,collection,11,"Mitigated by AC-16, AC-17, AC-19, AC-20, AC-4, CM-6, SC-43, SC-7, SI-12, SI-4, SI-7"
T1213,collection,24,"Mitigated by AC-16, AC-17, AC-2, AC-21, AC-23, AC-3, AC-4, AC-5, AC-6, CA-7, CA-8, CM-2, CM-3, CM-5, CM-6, CM-7, CM-8, IA-2, IA-4, IA-8, RA-5, SC-28, SI-4, SI-7"
T1213.001,collection,24,"Mitigated by AC-16, AC-17, AC-2, AC-21, AC-23, AC-3, AC-4, AC-5, AC-6, CA-7, CA-8, CM-2, CM-3, CM-5, CM-6, CM-7, CM-8, IA-2, IA-4, IA-8, RA-5, SC-28, SI-4, SI-7"
T1213.002,collection,24,"Mitigated by AC-16, AC-17, AC-2, AC-21, AC-23, AC-3, AC-4, AC-5, AC-6, CA-7, CA-8, CM-2, CM-3, CM-5, CM-6, CM-7, CM-8, IA-2, IA-4, IA-8, RA-5, SC-28, SI-4, SI-7"
T1222.001,defense-evasion,11,"Mitigated by AC-16, AC-2, AC-3, AC-5, AC-6, CA-7, CM-5, CM-6, IA-2, SI-4, SI-7"
T1222.002,defense-evasion,11,"Mitigated by AC-16, AC-2, AC-3, AC-5, AC-6, CA-7, CM-5, CM-6, IA-2, SI-4, SI-7"
T1505.002,persistence,23,"Mitigated by AC-16, AC-2, AC-3, AC-5, AC-6, CA-8, CM-11, CM-2, CM-5, CM-6, CM-8, IA-2, RA-5, SA-10, SA-11, SC-16, SI-14, SI-4, SI-7, SR-11, SR-4, SR-5, SR-6"
T1548,privilege-escalation,21,"Mitigated by AC-16, AC-2, AC-3, AC-5, AC-6, CA-7, CA-8, CM-2, CM-5, CM-6, CM-7, CM-8, IA-2, RA-5, SC-18, SC-34, SI-12, SI-16, SI-3, SI-4, SI-7"
T1548,defense-evasion,21,"Mitigated by AC-16, AC-2, AC-3, AC-5, AC-6, CA-7, CA-8, CM-2, CM-5, CM-6, CM-7, CM-8, IA-2, RA-5, SC-18, SC-34, SI-12, SI-16, SI-3, SI-4, SI-7"
T1552,credential-access,33,"Mitigated by AC-16, AC-17, AC-18, AC-19, AC-2, AC-20, AC-3, AC-4, AC-5, AC-6, CA-7, CA-8, CM-2, CM-5, CM-6, CM-7, IA-2, IA-3, IA-4, IA-5, RA-5, SA-11, SA-15, SC-12, SC-28, SC-4, SC-7, SI-10, SI-12, SI-15, SI-2, SI-4, SI-7"
T1552.004,credential-access,22,"Mitigated by AC-16, AC-17, AC-18, AC-19, AC-2, AC-20, CA-7, CA-8, CM-2, CM-6, IA-2, IA-5, RA-5, SA-11, SA-15, SC-12, SC-28, SC-4, SC-7, SI-12, SI-4, SI-7"
T1557.002,credential-access,22,"Mitigated by AC-16, AC-17, AC-18, AC-19, AC-20, AC-3, AC-4, CA-7, CM-2, CM-6, CM-7, CM-8, SC-23, SC-4, SC-7, SC-8, SI-10, SI-12, SI-15, SI-3, SI-4, SI-7"
T1557.002,collection,22,"Mitigated by AC-16, AC-17, AC-18, AC-19, AC-20, AC-3, AC-4, CA-7, CM-2, CM-6, CM-7, CM-8, SC-23, SC-4, SC-7, SC-8, SI-10, SI-12, SI-15, SI-3, SI-4, SI-7"
T1558.002,credential-access,19,"Mitigated by AC-16, AC-17, AC-18, AC-19, AC-2, AC-3, AC-5, AC-6, CA-7, CM-2, CM-5, CM-6, IA-2, IA-5, SC-4, SI-12, SI-3, SI-4, SI-7"
T1558.004,credential-access,20,"Mitigated by AC-16, AC-17, AC-18, AC-19, AC-2, AC-3, CA-7, CA-8, CM-2, CM-6, IA-2, IA-5, RA-5, SA-11, SA-15, SC-4, SI-12, SI-3, SI-4, SI-7"
T1564.004,defense-evasion,6,"Mitigated by AC-16, AC-3, CA-7, SI-3, SI-4, SI-7"
T1602,collection,25,"Mitigated by AC-16, AC-17, AC-18, AC-19, AC-20, AC-3, AC-4, CA-7, CM-2, CM-6, CM-7, CM-8, IA-3, IA-4, SC-28, SC-3, SC-4, SC-7, SC-8, SI-10, SI-12, SI-15, SI-3, SI-4, SI-7"
T1602.001,collection,25,"Mitigated by AC-16, AC-17, AC-18, AC-19, AC-20, AC-3, AC-4, CA-7, CM-2, CM-6, CM-7, CM-8, IA-3, IA-4, SC-28, SC-3, SC-4, SC-7, SC-8, SI-10, SI-12, SI-15, SI-3, SI-4, SI-7"
T1003.003,credential-access,18,"Mitigated by AC-16, AC-2, AC-3, AC-5, AC-6, CA-7, CM-2, CM-5, CM-6, CP-9, IA-2, IA-5, SC-28, SC-39, SI-12, SI-3, SI-4, SI-7"
T1005,collection,13,"Mitigated by AC-16, AC-2, AC-23, AC-3, AC-6, CM-12, CP-9, SA-8, SC-13, SC-28, SC-38, SI-3, SI-4"
T1040,credential-access,11,"Mitigated by AC-16, AC-17, AC-18, AC-19, IA-2, IA-5, SC-4, SC-8, SI-12, SI-4, SI-7"
T1040,discovery,11,"Mitigated by AC-16, AC-17, AC-18, AC-19, IA-2, IA-5, SC-4, SC-8, SI-12, SI-4, SI-7"
T1119,collection,17,"Mitigated by AC-16, AC-17, AC-18, AC-19, AC-20, CM-2, CM-6, CM-8, CP-6, CP-7, CP-9, SC-36, SC-4, SI-12, SI-23, SI-4, SI-7"
T1530,collection,33,"Mitigated by AC-16, AC-17, AC-18, AC-19, AC-2, AC-20, AC-3, AC-4, AC-5, AC-6, AC-7, CA-7, CA-8, CM-2, CM-5, CM-6, CM-7, CM-8, IA-2, IA-3, IA-4, IA-5, IA-6, IA-8, RA-5, SC-28, SC-4, SC-7, SI-10, SI-12, SI-15, SI-4, SI-7"
T1557,credential-access,24,"Mitigated by AC-16, AC-17, AC-18, AC-19, AC-20, AC-3, AC-4, CA-7, CM-2, CM-6, CM-7, CM-8, RA-5, SC-23, SC-4, SC-46, SC-7, SC-8, SI-10, SI-12, SI-15, SI-3, SI-4, SI-7"
T1557,collection,24,"Mitigated by AC-16, AC-17, AC-18, AC-19, AC-20, AC-3, AC-4, CA-7, CM-2, CM-6, CM-7, CM-8, RA-5, SC-23, SC-4, SC-46, SC-7, SC-8, SI-10, SI-12, SI-15, SI-3, SI-4, SI-7"
T1070.008,defense-evasion,20,"Mitigated by AC-16, AC-17, AC-18, AC-19, AC-2, AC-3, AC-5, AC-6, CA-7, CM-2, CM-6, CP-6, CP-7, CP-9, SC-36, SC-4, SI-12, SI-3, SI-4, SI-7"
T1647,defense-evasion,15,"Mitigated by AC-16, AC-17, AC-3, AC-6, CA-7, CM-2, CM-3, CM-5, CM-6, CM-7, SA-10, SA-11, SA-8, SI-4, SI-7"
T1047,execution,18,"Mitigated by AC-17, AC-2, AC-3, AC-5, AC-6, CM-2, CM-5, CM-6, CM-7, IA-2, RA-5, SC-3, SC-34, SI-16, SI-2, SI-3, SI-4, SI-7"
T1059,execution,24,"Mitigated by AC-17, AC-2, AC-3, AC-5, AC-6, CA-7, CA-8, CM-11, CM-2, CM-5, CM-6, CM-7, CM-8, IA-2, IA-8, IA-9, RA-5, SC-18, SI-10, SI-16, SI-2, SI-3, SI-4, SI-7"
T1059.001,execution,19,"Mitigated by AC-17, AC-2, AC-3, AC-5, AC-6, CM-2, CM-5, CM-6, CM-8, IA-2, IA-8, IA-9, RA-5, SI-10, SI-16, SI-2, SI-3, SI-4, SI-7"
T1059.002,execution,16,"Mitigated by AC-17, AC-2, AC-3, AC-6, CM-2, CM-6, IA-9, SI-10, SI-16, SI-3, SI-4, SI-7, SR-11, SR-4, SR-5, SR-6"
T1059.005,execution,17,"Mitigated by AC-17, AC-2, AC-3, AC-6, CA-7, CM-2, CM-6, CM-7, CM-8, RA-5, SC-18, SI-10, SI-16, SI-2, SI-3, SI-4, SI-7"
T1059.008,execution,15,"Mitigated by AC-17, AC-2, AC-3, AC-5, AC-6, CM-2, CM-5, CM-6, IA-2, IA-8, SI-10, SI-16, SI-3, SI-4, SI-7"
T1219,command-and-control,13,"Mitigated by AC-17, AC-3, AC-4, CA-7, CM-2, CM-6, CM-7, SC-7, SI-10, SI-15, SI-3, SI-4, SI-7"
T1543,persistence,21,"Mitigated by AC-17, AC-2, AC-3, AC-5, AC-6, CA-7, CA-8, CM-11, CM-2, CM-3, CM-5, CM-6, CM-7, IA-2, IA-4, RA-5, SA-22, SI-16, SI-3, SI-4, SI-7"
T1543,privilege-escalation,21,"Mitigated by AC-17, AC-2, AC-3, AC-5, AC-6, CA-7, CA-8, CM-11, CM-2, CM-3, CM-5, CM-6, CM-7, IA-2, IA-4, RA-5, SA-22, SI-16, SI-3, SI-4, SI-7"
T1547.003,persistence,10,"Mitigated by AC-17, AC-3, AC-4, AC-6, CA-7, CM-2, CM-5, CM-6, SI-4, SI-7"
T1547.003,privilege-escalation,10,"Mitigated by AC-17, AC-3, AC-4, AC-6, CA-7, CM-2, CM-5, CM-6, SI-4, SI-7"
T1547.004,persistence,13,"Mitigated by AC-17, AC-2, AC-3, AC-5, AC-6, CM-5, CM-7, IA-2, SI-10, SI-14, SI-16, SI-4, SI-7"
T1547.004,privilege-escalation,13,"Mitigated by AC-17, AC-2, AC-3, AC-5, AC-6, CM-5, CM-7, IA-2, SI-10, SI-14, SI-16, SI-4, SI-7"
T1547.009,persistence,8,"Mitigated by AC-17, AC-2, AC-3, AC-5, AC-6, CM-5, IA-2, SI-4"
T1547.009,privilege-escalation,8,"Mitigated by AC-17, AC-2, AC-3, AC-5, AC-6, CM-5, IA-2, SI-4"
T1609,execution,11,"Mitigated by AC-17, AC-2, AC-3, AC-4, AC-5, AC-6, CM-6, CM-7, SC-7, SI-10, SI-7"
T1610,defense-evasion,9,"Mitigated by AC-17, AC-2, AC-3, AC-6, CM-6, CM-7, IA-2, SC-7, SI-4"
T1610,execution,9,"Mitigated by AC-17, AC-2, AC-3, AC-6, CM-6, CM-7, IA-2, SC-7, SI-4"
T1021,lateral-movement,12,"Mitigated by AC-17, AC-2, AC-20, AC-3, AC-5, AC-6, AC-7, CM-5, CM-6, IA-2, IA-5, SI-4"
T1021.002,lateral-movement,16,"Mitigated by AC-17, AC-2, AC-3, AC-4, AC-5, AC-6, CA-7, CM-2, CM-5, CM-6, CM-7, IA-2, SC-7, SI-10, SI-15, SI-4"
T1021.003,lateral-movement,19,"Mitigated by AC-17, AC-2, AC-3, AC-4, AC-5, AC-6, CM-2, CM-5, CM-6, CM-7, CM-8, IA-2, RA-5, SC-18, SC-3, SC-46, SC-7, SI-3, SI-4"
T1021.004,lateral-movement,15,"Mitigated by AC-17, AC-2, AC-20, AC-3, AC-5, AC-6, AC-7, CM-2, CM-5, CM-6, CM-8, IA-2, IA-5, RA-5, SI-4"
T1021.005,lateral-movement,23,"Mitigated by AC-17, AC-2, AC-3, AC-4, AC-6, CA-7, CA-8, CM-11, CM-2, CM-3, CM-5, CM-6, CM-7, CM-8, IA-2, IA-4, IA-6, RA-5, SC-7, SI-10, SI-15, SI-3, SI-4"
T1021.006,lateral-movement,16,"Mitigated by AC-17, AC-2, AC-3, AC-4, AC-5, AC-6, CM-2, CM-5, CM-6, CM-7, CM-8, IA-2, RA-5, SC-46, SC-7, SI-4"
T1037,persistence,9,"Mitigated by AC-17, AC-3, CA-7, CM-2, CM-6, CM-7, SI-3, SI-4, SI-7"
T1037,privilege-escalation,9,"Mitigated by AC-17, AC-3, CA-7, CM-2, CM-6, CM-7, SI-3, SI-4, SI-7"
T1037.001,persistence,2,"Mitigated by AC-17, CM-7"
T1037.001,privilege-escalation,2,"Mitigated by AC-17, CM-7"
T1059.003,execution,11,"Mitigated by AC-17, AC-2, AC-3, AC-6, CM-2, CM-6, SI-10, SI-16, SI-3, SI-4, SI-7"
T1059.004,execution,11,"Mitigated by AC-17, AC-2, AC-3, AC-6, CM-2, CM-6, SI-10, SI-16, SI-3, SI-4, SI-7"
T1059.006,execution,15,"Mitigated by AC-17, AC-2, AC-3, AC-6, CM-11, CM-2, CM-3, CM-5, CM-6, SI-10, SI-16, SI-2, SI-3, SI-4, SI-7"
T1059.007,execution,16,"Mitigated by AC-17, AC-2, AC-3, AC-6, CA-7, CM-2, CM-6, CM-7, CM-8, RA-5, SC-18, SI-10, SI-16, SI-3, SI-4, SI-7"
T1505.004,persistence,24,"Mitigated by AC-17, AC-3, AC-4, AC-6, CA-8, CM-11, CM-2, CM-6, CM-7, CM-8, IA-2, RA-5, SA-10, SA-11, SC-7, SI-14, SI-16, SI-3, SI-4, SI-7, SR-11, SR-4, SR-5, SR-6"
T1547.012,persistence,8,"Mitigated by AC-17, AC-2, AC-3, AC-5, AC-6, CM-5, IA-2, SI-4"
T1547.012,privilege-escalation,8,"Mitigated by AC-17, AC-2, AC-3, AC-5, AC-6, CM-5, IA-2, SI-4"
T1547.013,persistence,15,"Mitigated by AC-17, AC-2, AC-3, AC-5, AC-6, CA-7, CM-11, CM-2, CM-3, CM-5, CM-6, IA-2, SI-3, SI-4, SI-7"
T1547.013,privilege-escalation,15,"Mitigated by AC-17, AC-2, AC-3, AC-5, AC-6, CA-7, CM-11, CM-2, CM-3, CM-5, CM-6, IA-2, SI-3, SI-4, SI-7"
T1552.002,credential-access,18,"Mitigated by AC-17, AC-2, AC-3, AC-5, AC-6, CA-7, CA-8, CM-5, CM-6, IA-2, IA-5, RA-5, SA-11, SA-15, SC-12, SC-28, SC-4, SI-4"
T1563,lateral-movement,19,"Mitigated by AC-17, AC-2, AC-3, AC-4, AC-5, AC-6, CA-8, CM-2, CM-5, CM-6, CM-7, CM-8, IA-2, IA-4, IA-6, RA-5, SC-46, SC-7, SI-4"
T1563.001,lateral-movement,17,"Mitigated by AC-17, AC-2, AC-3, AC-5, AC-6, CA-7, CM-2, CM-5, CM-6, CM-7, CM-8, IA-2, IA-5, RA-5, SC-12, SC-23, SI-4"
T1612,defense-evasion,11,"Mitigated by AC-17, AC-2, AC-3, AC-6, CA-8, CM-6, CM-7, RA-5, SA-11, SC-7, SI-4"
T1613,discovery,10,"Mitigated by AC-17, AC-2, AC-3, AC-6, CM-6, CM-7, IA-2, SC-43, SC-7, SI-4"
T1619,discovery,7,"Mitigated by AC-17, AC-2, AC-3, AC-5, AC-6, CM-5, IA-2"
T1133,persistence,18,"Mitigated by AC-17, AC-20, AC-23, AC-3, AC-4, AC-6, AC-7, CM-2, CM-6, CM-7, CM-8, IA-2, IA-5, RA-5, SC-46, SC-7, SI-4, SI-7"
T1133,initial-access,18,"Mitigated by AC-17, AC-20, AC-23, AC-3, AC-4, AC-6, AC-7, CM-2, CM-6, CM-7, CM-8, IA-2, IA-5, RA-5, SC-46, SC-7, SI-4, SI-7"
T1552.007,credential-access,14,"Mitigated by AC-17, AC-2, AC-23, AC-3, AC-4, AC-5, AC-6, CM-5, CM-6, CM-7, IA-2, SC-46, SC-7, SC-8"
T1011,exfiltration,4,"Mitigated by AC-18, CM-6, CM-7, SI-4"
T1011.001,exfiltration,8,"Mitigated by AC-18, CM-2, CM-6, CM-7, CM-8, RA-5, SI-3, SI-4"
T1053,execution,15,"Mitigated by AC-2, AC-3, AC-5, AC-6, CA-8, CM-2, CM-5, CM-6, CM-7, CM-8, IA-2, IA-4, IA-8, RA-5, SI-4"
T1053,persistence,15,"Mitigated by AC-2, AC-3, AC-5, AC-6, CA-8, CM-2, CM-5, CM-6, CM-7, CM-8, IA-2, IA-4, IA-8, RA-5, SI-4"
T1053,privilege-escalation,15,"Mitigated by AC-2, AC-3, AC-5, AC-6, CA-8, CM-2, CM-5, CM-6, CM-7, CM-8, IA-2, IA-4, IA-8, RA-5, SI-4"
T1053.002,execution,14,"Mitigated by AC-2, AC-3, AC-5, AC-6, CA-8, CM-2, CM-5, CM-6, CM-7, CM-8, IA-2, IA-4, RA-5, SI-4"
T1053.002,persistence,14,"Mitigated by AC-2, AC-3, AC-5, AC-6, CA-8, CM-2, CM-5, CM-6, CM-7, CM-8, IA-2, IA-4, RA-5, SI-4"
T1053.002,privilege-escalation,14,"Mitigated by AC-2, AC-3, AC-5, AC-6, CA-8, CM-2, CM-5, CM-6, CM-7, CM-8, IA-2, IA-4, RA-5, SI-4"
T1053.003,execution,9,"Mitigated by AC-2, AC-3, AC-5, AC-6, CA-8, CM-5, IA-2, RA-5, SI-4"
T1053.003,persistence,9,"Mitigated by AC-2, AC-3, AC-5, AC-6, CA-8, CM-5, IA-2, RA-5, SI-4"
T1053.003,privilege-escalation,9,"Mitigated by AC-2, AC-3, AC-5, AC-6, CA-8, CM-5, IA-2, RA-5, SI-4"
T1053.005,execution,14,"Mitigated by AC-2, AC-3, AC-5, AC-6, CA-8, CM-2, CM-5, CM-6, CM-7, CM-8, IA-2, IA-4, RA-5, SI-4"
T1053.005,persistence,14,"Mitigated by AC-2, AC-3, AC-5, AC-6, CA-8, CM-2, CM-5, CM-6, CM-7, CM-8, IA-2, IA-4, RA-5, SI-4"
T1053.005,privilege-escalation,14,"Mitigated by AC-2, AC-3, AC-5, AC-6, CA-8, CM-2, CM-5, CM-6, CM-7, CM-8, IA-2, IA-4, RA-5, SI-4"
T1070.003,defense-evasion,10,"Mitigated by AC-2, AC-3, AC-5, AC-6, CA-7, CM-2, CM-6, SI-3, SI-4, SI-7"
T1078.002,defense-evasion,12,"Mitigated by AC-2, AC-20, AC-3, AC-5, AC-6, AC-7, CM-5, CM-6, IA-12, IA-2, IA-5, SI-4"
T1078.002,persistence,12,"Mitigated by AC-2, AC-20, AC-3, AC-5, AC-6, AC-7, CM-5, CM-6, IA-12, IA-2, IA-5, SI-4"
T1078.002,privilege-escalation,12,"Mitigated by AC-2, AC-20, AC-3, AC-5, AC-6, AC-7, CM-5, CM-6, IA-12, IA-2, IA-5, SI-4"
T1078.002,initial-access,12,"Mitigated by AC-2, AC-20, AC-3, AC-5, AC-6, AC-7, CM-5, CM-6, IA-12, IA-2, IA-5, SI-4"
T1078.004,defense-evasion,22,"Mitigated by AC-2, AC-20, AC-3, AC-5, AC-6, AC-7, CA-7, CM-5, CM-6, IA-12, IA-2, IA-5, SA-10, SA-11, SA-15, SA-16, SA-17, SA-3, SA-4, SA-8, SC-28, SI-4"
T1078.004,persistence,22,"Mitigated by AC-2, AC-20, AC-3, AC-5, AC-6, AC-7, CA-7, CM-5, CM-6, IA-12, IA-2, IA-5, SA-10, SA-11, SA-15, SA-16, SA-17, SA-3, SA-4, SA-8, SC-28, SI-4"
T1078.004,privilege-escalation,22,"Mitigated by AC-2, AC-20, AC-3, AC-5, AC-6, AC-7, CA-7, CM-5, CM-6, IA-12, IA-2, IA-5, SA-10, SA-11, SA-15, SA-16, SA-17, SA-3, SA-4, SA-8, SC-28, SI-4"
T1078.004,initial-access,22,"Mitigated by AC-2, AC-20, AC-3, AC-5, AC-6, AC-7, CA-7, CM-5, CM-6, IA-12, IA-2, IA-5, SA-10, SA-11, SA-15, SA-16, SA-17, SA-3, SA-4, SA-8, SC-28, SI-4"
T1098,persistence,12,"Mitigated by AC-2, AC-3, AC-4, AC-5, AC-6, CM-5, CM-6, CM-7, IA-2, SC-46, SC-7, SI-4"
T1098.001,persistence,15,"Mitigated by AC-2, AC-20, AC-3, AC-4, AC-5, AC-6, CM-5, CM-6, CM-7, IA-2, IA-5, SC-46, SC-7, SI-4, SI-7"
T1098.002,persistence,11,"Mitigated by AC-2, AC-20, AC-3, AC-5, AC-6, CM-5, CM-6, IA-2, IA-5, SI-4, SI-7"
T1098.003,persistence,11,"Mitigated by AC-2, AC-20, AC-3, AC-5, AC-6, CM-5, CM-6, IA-2, IA-5, SI-4, SI-7"
T1190,initial-access,29,"Mitigated by AC-2, AC-3, AC-4, AC-5, AC-6, CA-2, CA-7, CM-5, CM-6, CM-7, CM-8, IA-2, IA-8, RA-10, RA-5, SA-8, SC-18, SC-2, SC-29, SC-3, SC-30, SC-39, SC-46, SC-7, SI-10, SI-2, SI-3, SI-4, SI-7"
T1197,defense-evasion,14,"Mitigated by AC-2, AC-3, AC-4, AC-5, AC-6, CA-7, CM-5, CM-6, CM-7, IA-2, SC-7, SI-10, SI-15, SI-4"
T1197,persistence,14,"Mitigated by AC-2, AC-3, AC-4, AC-5, AC-6, CA-7, CM-5, CM-6, CM-7, IA-2, SC-7, SI-10, SI-15, SI-4"
T1210,lateral-movement,32,"Mitigated by AC-2, AC-3, AC-4, AC-5, AC-6, CA-2, CA-7, CA-8, CM-2, CM-5, CM-6, CM-7, CM-8, IA-2, IA-8, RA-10, RA-5, SC-18, SC-2, SC-26, SC-29, SC-3, SC-30, SC-35, SC-39, SC-46, SC-7, SI-2, SI-3, SI-4, SI-5, SI-7"
T1213.003,collection,14,"Mitigated by AC-2, AC-3, AC-5, AC-6, CA-7, IA-2, IA-9, RA-5, SA-10, SA-11, SA-15, SA-3, SA-8, SI-2"
T1218.007,defense-evasion,9,"Mitigated by AC-2, AC-3, AC-5, AC-6, CM-2, CM-5, CM-6, CM-7, IA-2"
T1495,impact,16,"Mitigated by AC-2, AC-3, AC-5, AC-6, CA-8, CM-3, CM-5, CM-6, CM-8, IA-2, IA-7, RA-9, SA-10, SA-11, SI-2, SI-7"
T1505.003,persistence,8,"Mitigated by AC-2, AC-3, AC-5, AC-6, CM-2, CM-6, RA-5, SI-4"
T1525,persistence,16,"Mitigated by AC-2, AC-3, AC-5, AC-6, CA-8, CM-2, CM-5, CM-6, CM-7, IA-2, IA-9, RA-5, SI-2, SI-3, SI-4, SI-7"
T1543.001,persistence,8,"Mitigated by AC-2, AC-3, AC-5, AC-6, CM-11, CM-2, CM-5, IA-2"
T1543.001,privilege-escalation,8,"Mitigated by AC-2, AC-3, AC-5, AC-6, CM-11, CM-2, CM-5, IA-2"
T1543.003,persistence,8,"Mitigated by AC-2, AC-3, AC-5, AC-6, CM-11, CM-2, CM-5, IA-2"
T1543.003,privilege-escalation,8,"Mitigated by AC-2, AC-3, AC-5, AC-6, CM-11, CM-2, CM-5, IA-2"
T1546.003,privilege-escalation,12,"Mitigated by AC-2, AC-3, AC-5, AC-6, CA-7, CM-2, CM-5, CM-6, IA-2, SI-14, SI-3, SI-4"
T1546.003,persistence,12,"Mitigated by AC-2, AC-3, AC-5, AC-6, CA-7, CM-2, CM-5, CM-6, IA-2, SI-14, SI-3, SI-4"
T1547.006,persistence,18,"Mitigated by AC-2, AC-3, AC-5, AC-6, CM-5, CM-6, CM-7, IA-2, IA-4, IA-8, RA-5, SI-10, SI-14, SI-16, SI-2, SI-3, SI-4, SI-7"
T1547.006,privilege-escalation,18,"Mitigated by AC-2, AC-3, AC-5, AC-6, CM-5, CM-6, CM-7, IA-2, IA-4, IA-8, RA-5, SI-10, SI-14, SI-16, SI-2, SI-3, SI-4, SI-7"
T1548.002,privilege-escalation,12,"Mitigated by AC-2, AC-3, AC-5, AC-6, CA-8, CM-2, CM-5, CM-6, IA-2, RA-5, SI-2, SI-4"
T1548.002,defense-evasion,12,"Mitigated by AC-2, AC-3, AC-5, AC-6, CA-8, CM-2, CM-5, CM-6, IA-2, RA-5, SI-2, SI-4"
T1556.004,credential-access,13,"Mitigated by AC-2, AC-20, AC-3, AC-5, AC-6, AC-7, CM-2, CM-5, CM-6, IA-2, IA-5, SI-4, SI-7"
T1556.004,defense-evasion,13,"Mitigated by AC-2, AC-20, AC-3, AC-5, AC-6, AC-7, CM-2, CM-5, CM-6, IA-2, IA-5, SI-4, SI-7"
T1556.004,persistence,13,"Mitigated by AC-2, AC-20, AC-3, AC-5, AC-6, AC-7, CM-2, CM-5, CM-6, IA-2, IA-5, SI-4, SI-7"
T1559,execution,19,"Mitigated by AC-2, AC-3, AC-4, AC-5, AC-6, CM-10, CM-2, CM-5, CM-6, CM-7, CM-8, IA-2, RA-5, SC-18, SC-3, SC-7, SI-2, SI-3, SI-4"
T1562,defense-evasion,16,"Mitigated by AC-2, AC-3, AC-5, AC-6, CA-7, CA-8, CM-2, CM-5, CM-6, CM-7, IA-2, IA-4, RA-5, SI-3, SI-4, SI-7"
T1562.001,defense-evasion,13,"Mitigated by AC-2, AC-3, AC-5, AC-6, CA-7, CM-2, CM-5, CM-6, CM-7, IA-2, SI-3, SI-4, SI-7"
T1562.006,defense-evasion,17,"Mitigated by AC-2, AC-3, AC-5, AC-6, CA-7, CM-10, CM-2, CM-5, CM-6, CM-7, IA-2, IA-9, SC-23, SC-8, SI-3, SI-4, SI-7"
T1562.008,defense-evasion,6,"Mitigated by AC-2, AC-3, AC-5, AC-6, CM-5, IA-2"
T1574,persistence,19,"Mitigated by AC-2, AC-3, AC-4, AC-5, AC-6, CA-7, CA-8, CM-2, CM-5, CM-6, CM-7, CM-8, IA-2, RA-5, SI-10, SI-2, SI-3, SI-4, SI-7"
T1574,privilege-escalation,19,"Mitigated by AC-2, AC-3, AC-4, AC-5, AC-6, CA-7, CA-8, CM-2, CM-5, CM-6, CM-7, CM-8, IA-2, RA-5, SI-10, SI-2, SI-3, SI-4, SI-7"
T1574,defense-evasion,19,"Mitigated by AC-2, AC-3, AC-4, AC-5, AC-6, CA-7, CA-8, CM-2, CM-5, CM-6, CM-7, CM-8, IA-2, RA-5, SI-10, SI-2, SI-3, SI-4, SI-7"
T1574.007,persistence,16,"Mitigated by AC-2, AC-3, AC-4, AC-5, AC-6, CA-7, CA-8, CM-2, CM-6, CM-7, CM-8, RA-5, SI-10, SI-3, SI-4, SI-7"
T1574.007,privilege-escalation,16,"Mitigated by AC-2, AC-3, AC-4, AC-5, AC-6, CA-7, CA-8, CM-2, CM-6, CM-7, CM-8, RA-5, SI-10, SI-3, SI-4, SI-7"
T1574.007,defense-evasion,16,"Mitigated by AC-2, AC-3, AC-4, AC-5, AC-6, CA-7, CA-8, CM-2, CM-6, CM-7, CM-8, RA-5, SI-10, SI-3, SI-4, SI-7"
T1003.004,credential-access,14,"Mitigated by AC-2, AC-3, AC-5, AC-6, CA-7, CM-2, CM-5, CM-6, IA-2, IA-5, SC-28, SC-39, SI-3, SI-4"
T1003.005,credential-access,17,"Mitigated by AC-2, AC-3, AC-4, AC-5, AC-6, CA-7, CM-2, CM-5, CM-6, CM-7, IA-2, IA-4, IA-5, SC-28, SC-39, SI-3, SI-4"
T1003.006,credential-access,16,"Mitigated by AC-2, AC-3, AC-4, AC-5, AC-6, CA-7, CM-2, CM-5, CM-6, IA-2, IA-4, IA-5, SC-28, SC-39, SI-3, SI-4"
T1003.007,credential-access,14,"Mitigated by AC-2, AC-3, AC-5, AC-6, CA-7, CM-2, CM-5, CM-6, IA-2, IA-5, SC-28, SC-39, SI-3, SI-4"
T1003.008,credential-access,14,"Mitigated by AC-2, AC-3, AC-5, AC-6, CA-7, CM-2, CM-5, CM-6, IA-2, IA-5, SC-28, SC-39, SI-3, SI-4"
T1036,defense-evasion,12,"Mitigated by AC-2, AC-3, AC-6, CA-7, CM-2, CM-6, CM-7, IA-9, SI-10, SI-3, SI-4, SI-7"
T1036.003,defense-evasion,8,"Mitigated by AC-2, AC-3, AC-6, CA-7, CM-2, CM-6, SI-3, SI-4"
T1036.005,defense-evasion,12,"Mitigated by AC-2, AC-3, AC-6, CA-7, CM-2, CM-6, CM-7, IA-9, SI-10, SI-3, SI-4, SI-7"
T1053.006,execution,9,"Mitigated by AC-2, AC-3, AC-5, AC-6, CA-7, CM-5, IA-2, SI-4, SI-7"
T1053.006,persistence,9,"Mitigated by AC-2, AC-3, AC-5, AC-6, CA-7, CM-5, IA-2, SI-4, SI-7"
T1053.006,privilege-escalation,9,"Mitigated by AC-2, AC-3, AC-5, AC-6, CA-7, CM-5, IA-2, SI-4, SI-7"
T1053.007,execution,7,"Mitigated by AC-2, AC-3, AC-5, AC-6, CM-5, IA-2, IA-8"
T1053.007,persistence,7,"Mitigated by AC-2, AC-3, AC-5, AC-6, CM-5, IA-2, IA-8"
T1053.007,privilege-escalation,7,"Mitigated by AC-2, AC-3, AC-5, AC-6, CM-5, IA-2, IA-8"
T1055.008,defense-evasion,12,"Mitigated by AC-2, AC-3, AC-5, AC-6, CM-5, CM-6, IA-2, SC-18, SC-7, SI-2, SI-3, SI-4"
T1055.008,privilege-escalation,12,"Mitigated by AC-2, AC-3, AC-5, AC-6, CM-5, CM-6, IA-2, SC-18, SC-7, SI-2, SI-3, SI-4"
T1056.003,collection,7,"Mitigated by AC-2, AC-3, AC-5, AC-6, CM-5, CM-6, IA-2"
T1056.003,credential-access,7,"Mitigated by AC-2, AC-3, AC-5, AC-6, CM-5, CM-6, IA-2"
T1078.001,defense-evasion,14,"Mitigated by AC-2, AC-5, AC-6, CA-7, SA-10, SA-11, SA-15, SA-16, SA-17, SA-3, SA-4, SA-8, SC-28, SI-4"
T1078.001,persistence,14,"Mitigated by AC-2, AC-5, AC-6, CA-7, SA-10, SA-11, SA-15, SA-16, SA-17, SA-3, SA-4, SA-8, SC-28, SI-4"
T1078.001,privilege-escalation,14,"Mitigated by AC-2, AC-5, AC-6, CA-7, SA-10, SA-11, SA-15, SA-16, SA-17, SA-3, SA-4, SA-8, SC-28, SI-4"
T1078.001,initial-access,14,"Mitigated by AC-2, AC-5, AC-6, CA-7, SA-10, SA-11, SA-15, SA-16, SA-17, SA-3, SA-4, SA-8, SC-28, SI-4"
T1078.003,defense-evasion,19,"Mitigated by AC-2, AC-3, AC-5, AC-6, CA-7, CM-5, CM-6, IA-12, IA-2, SA-10, SA-11, SA-15, SA-16, SA-17, SA-3, SA-4, SA-8, SC-28, SI-4"
T1078.003,persistence,19,"Mitigated by AC-2, AC-3, AC-5, AC-6, CA-7, CM-5, CM-6, IA-12, IA-2, SA-10, SA-11, SA-15, SA-16, SA-17, SA-3, SA-4, SA-8, SC-28, SI-4"
T1078.003,privilege-escalation,19,"Mitigated by AC-2, AC-3, AC-5, AC-6, CA-7, CM-5, CM-6, IA-12, IA-2, SA-10, SA-11, SA-15, SA-16, SA-17, SA-3, SA-4, SA-8, SC-28, SI-4"
T1078.003,initial-access,19,"Mitigated by AC-2, AC-3, AC-5, AC-6, CA-7, CM-5, CM-6, IA-12, IA-2, SA-10, SA-11, SA-15, SA-16, SA-17, SA-3, SA-4, SA-8, SC-28, SI-4"
T1087.004,discovery,6,"Mitigated by AC-2, AC-3, AC-5, AC-6, IA-2, IA-8"
T1110,credential-access,14,"Mitigated by AC-2, AC-20, AC-3, AC-5, AC-6, AC-7, CA-7, CM-2, CM-6, IA-11, IA-2, IA-4, IA-5, SI-4"
T1110.003,credential-access,14,"Mitigated by AC-2, AC-20, AC-3, AC-5, AC-6, AC-7, CA-7, CM-2, CM-6, IA-11, IA-2, IA-4, IA-5, SI-4"
T1110.004,credential-access,14,"Mitigated by AC-2, AC-20, AC-3, AC-5, AC-6, AC-7, CA-7, CM-2, CM-6, IA-11, IA-2, IA-4, IA-5, SI-4"
T1134,defense-evasion,7,"Mitigated by AC-2, AC-3, AC-5, AC-6, CM-5, CM-6, IA-2"
T1134,privilege-escalation,7,"Mitigated by AC-2, AC-3, AC-5, AC-6, CM-5, CM-6, IA-2"
T1134.001,defense-evasion,7,"Mitigated by AC-2, AC-3, AC-5, AC-6, CM-5, CM-6, IA-2"
T1134.001,privilege-escalation,7,"Mitigated by AC-2, AC-3, AC-5, AC-6, CM-5, CM-6, IA-2"
T1134.002,defense-evasion,7,"Mitigated by AC-2, AC-3, AC-5, AC-6, CM-5, CM-6, IA-2"
T1134.002,privilege-escalation,7,"Mitigated by AC-2, AC-3, AC-5, AC-6, CM-5, CM-6, IA-2"
T1134.003,defense-evasion,7,"Mitigated by AC-2, AC-3, AC-5, AC-6, CM-5, CM-6, IA-2"
T1134.003,privilege-escalation,7,"Mitigated by AC-2, AC-3, AC-5, AC-6, CM-5, CM-6, IA-2"
T1136,persistence,15,"Mitigated by AC-2, AC-20, AC-3, AC-4, AC-5, AC-6, CM-5, CM-6, CM-7, IA-2, IA-5, SC-46, SC-7, SI-4, SI-7"
T1136.001,persistence,11,"Mitigated by AC-2, AC-20, AC-3, AC-5, AC-6, CM-5, CM-6, IA-2, IA-5, SI-4, SI-7"
T1136.002,persistence,15,"Mitigated by AC-2, AC-20, AC-3, AC-4, AC-5, AC-6, CM-5, CM-6, CM-7, IA-2, IA-5, SC-46, SC-7, SI-4, SI-7"
T1136.003,persistence,15,"Mitigated by AC-2, AC-20, AC-3, AC-4, AC-5, AC-6, CM-5, CM-6, CM-7, IA-2, IA-5, SC-46, SC-7, SI-4, SI-7"
T1484,defense-evasion,13,"Mitigated by AC-2, AC-3, AC-4, AC-5, AC-6, CA-8, CM-2, CM-5, CM-6, CM-7, IA-2, RA-5, SI-4"
T1484,privilege-escalation,13,"Mitigated by AC-2, AC-3, AC-4, AC-5, AC-6, CA-8, CM-2, CM-5, CM-6, CM-7, IA-2, RA-5, SI-4"
T1489,impact,13,"Mitigated by AC-2, AC-3, AC-4, AC-5, AC-6, CA-7, CM-5, CM-6, CM-7, IA-2, SC-46, SC-7, SI-4"
T1538,discovery,6,"Mitigated by AC-2, AC-3, AC-5, AC-6, IA-2, IA-8"
T1542,defense-evasion,19,"Mitigated by AC-2, AC-3, AC-5, AC-6, CA-8, CM-3, CM-5, CM-6, CM-8, IA-2, IA-7, IA-8, RA-9, SA-10, SA-11, SC-34, SC-7, SI-2, SI-7"
T1542,persistence,19,"Mitigated by AC-2, AC-3, AC-5, AC-6, CA-8, CM-3, CM-5, CM-6, CM-8, IA-2, IA-7, IA-8, RA-9, SA-10, SA-11, SC-34, SC-7, SI-2, SI-7"
T1542.001,persistence,18,"Mitigated by AC-2, AC-3, AC-5, AC-6, CA-8, CM-3, CM-5, CM-6, CM-8, IA-2, IA-7, IA-8, RA-9, SA-10, SA-11, SC-34, SI-2, SI-7"
T1542.001,defense-evasion,18,"Mitigated by AC-2, AC-3, AC-5, AC-6, CA-8, CM-3, CM-5, CM-6, CM-8, IA-2, IA-7, IA-8, RA-9, SA-10, SA-11, SC-34, SI-2, SI-7"
T1542.003,persistence,18,"Mitigated by AC-2, AC-3, AC-5, AC-6, CA-8, CM-3, CM-5, CM-6, CM-8, IA-2, IA-7, IA-8, RA-9, SA-10, SA-11, SC-34, SI-2, SI-7"
T1542.003,defense-evasion,18,"Mitigated by AC-2, AC-3, AC-5, AC-6, CA-8, CM-3, CM-5, CM-6, CM-8, IA-2, IA-7, IA-8, RA-9, SA-10, SA-11, SC-34, SI-2, SI-7"
T1542.005,defense-evasion,24,"Mitigated by AC-2, AC-3, AC-5, AC-6, CA-7, CA-8, CM-2, CM-3, CM-5, CM-6, CM-7, CM-8, IA-2, IA-7, IA-8, RA-5, RA-9, SA-10, SA-11, SC-34, SC-7, SI-2, SI-4, SI-7"
T1542.005,persistence,24,"Mitigated by AC-2, AC-3, AC-5, AC-6, CA-7, CA-8, CM-2, CM-3, CM-5, CM-6, CM-7, CM-8, IA-2, IA-7, IA-8, RA-5, RA-9, SA-10, SA-11, SC-34, SC-7, SI-2, SI-4, SI-7"
T1543.002,persistence,16,"Mitigated by AC-2, AC-3, AC-5, AC-6, CA-7, CM-11, CM-2, CM-3, CM-5, CM-6, IA-2, SA-22, SI-16, SI-3, SI-4, SI-7"
T1543.002,privilege-escalation,16,"Mitigated by AC-2, AC-3, AC-5, AC-6, CA-7, CM-11, CM-2, CM-3, CM-5, CM-6, IA-2, SA-22, SI-16, SI-3, SI-4, SI-7"
T1543.004,persistence,8,"Mitigated by AC-2, AC-3, AC-5, AC-6, CM-11, CM-2, CM-5, IA-2"
T1543.004,privilege-escalation,8,"Mitigated by AC-2, AC-3, AC-5, AC-6, CM-11, CM-2, CM-5, IA-2"
T1550,defense-evasion,7,"Mitigated by AC-2, AC-3, AC-5, AC-6, CM-5, CM-6, IA-2"
T1550,lateral-movement,7,"Mitigated by AC-2, AC-3, AC-5, AC-6, CM-5, CM-6, IA-2"
T1550.002,defense-evasion,8,"Mitigated by AC-2, AC-3, AC-5, AC-6, CM-5, CM-6, IA-2, SI-2"
T1550.002,lateral-movement,8,"Mitigated by AC-2, AC-3, AC-5, AC-6, CM-5, CM-6, IA-2, SI-2"
T1550.003,defense-evasion,11,"Mitigated by AC-2, AC-3, AC-5, AC-6, CA-7, CM-2, CM-5, CM-6, IA-2, IA-5, SI-4"
T1550.003,lateral-movement,11,"Mitigated by AC-2, AC-3, AC-5, AC-6, CA-7, CM-2, CM-5, CM-6, IA-2, IA-5, SI-4"
T1552.001,credential-access,18,"Mitigated by AC-2, AC-4, AC-5, AC-6, CA-7, CA-8, CM-2, CM-6, IA-2, IA-5, RA-5, SA-11, SA-15, SC-12, SC-28, SC-4, SC-7, SI-4"
T1552.006,credential-access,13,"Mitigated by AC-2, AC-5, AC-6, CA-8, CM-2, CM-6, IA-2, IA-5, RA-5, SA-11, SA-15, SI-2, SI-4"
T1556.001,credential-access,14,"Mitigated by AC-2, AC-20, AC-3, AC-5, AC-6, AC-7, CA-7, CM-5, CM-6, IA-2, IA-5, SC-39, SI-4, SI-7"
T1556.001,defense-evasion,14,"Mitigated by AC-2, AC-20, AC-3, AC-5, AC-6, AC-7, CA-7, CM-5, CM-6, IA-2, IA-5, SC-39, SI-4, SI-7"
T1556.001,persistence,14,"Mitigated by AC-2, AC-20, AC-3, AC-5, AC-6, AC-7, CA-7, CM-5, CM-6, IA-2, IA-5, SC-39, SI-4, SI-7"
T1556.003,credential-access,12,"Mitigated by AC-2, AC-20, AC-3, AC-5, AC-6, AC-7, CM-5, CM-6, IA-2, IA-5, SI-4, SI-7"
T1556.003,defense-evasion,12,"Mitigated by AC-2, AC-20, AC-3, AC-5, AC-6, AC-7, CM-5, CM-6, IA-2, IA-5, SI-4, SI-7"
T1556.003,persistence,12,"Mitigated by AC-2, AC-20, AC-3, AC-5, AC-6, AC-7, CM-5, CM-6, IA-2, IA-5, SI-4, SI-7"
T1558.001,credential-access,9,"Mitigated by AC-2, AC-3, AC-5, AC-6, CM-2, CM-5, CM-6, IA-2, IA-5"
T1559.001,execution,13,"Mitigated by AC-2, AC-3, AC-4, AC-5, AC-6, CM-2, CM-5, CM-6, IA-2, SC-18, SC-3, SC-7, SI-3"
T1562.002,defense-evasion,13,"Mitigated by AC-2, AC-3, AC-5, AC-6, CA-7, CM-2, CM-5, CM-6, CM-7, IA-2, SI-3, SI-4, SI-7"
T1562.004,defense-evasion,13,"Mitigated by AC-2, AC-3, AC-5, AC-6, CA-7, CM-2, CM-5, CM-6, CM-7, IA-2, SI-3, SI-4, SI-7"
T1562.007,defense-evasion,6,"Mitigated by AC-2, AC-3, AC-5, AC-6, CM-5, IA-2"
T1562.009,defense-evasion,13,"Mitigated by AC-2, AC-3, AC-5, AC-6, CM-10, CM-5, CM-6, CM-7, IA-2, IA-9, SC-23, SC-8, SI-7"
T1569,execution,14,"Mitigated by AC-2, AC-3, AC-5, AC-6, CA-7, CM-11, CM-2, CM-5, CM-6, CM-7, IA-2, SI-3, SI-4, SI-7"
T1569.001,execution,7,"Mitigated by AC-2, AC-3, AC-5, AC-6, CM-11, CM-5, IA-2"
T1569.002,execution,13,"Mitigated by AC-2, AC-3, AC-5, AC-6, CA-7, CM-2, CM-5, CM-6, CM-7, IA-2, SI-3, SI-4, SI-7"
T1574.004,persistence,13,"Mitigated by AC-2, AC-3, AC-4, AC-5, AC-6, CA-7, CM-2, CM-6, CM-8, RA-5, SI-3, SI-4, SI-7"
T1574.004,privilege-escalation,13,"Mitigated by AC-2, AC-3, AC-4, AC-5, AC-6, CA-7, CM-2, CM-6, CM-8, RA-5, SI-3, SI-4, SI-7"
T1574.004,defense-evasion,13,"Mitigated by AC-2, AC-3, AC-4, AC-5, AC-6, CA-7, CM-2, CM-6, CM-8, RA-5, SI-3, SI-4, SI-7"
T1574.005,persistence,12,"Mitigated by AC-2, AC-3, AC-4, AC-5, AC-6, CA-8, CM-2, CM-5, CM-6, IA-2, RA-5, SI-4"
T1574.005,privilege-escalation,12,"Mitigated by AC-2, AC-3, AC-4, AC-5, AC-6, CA-8, CM-2, CM-5, CM-6, IA-2, RA-5, SI-4"
T1574.005,defense-evasion,12,"Mitigated by AC-2, AC-3, AC-4, AC-5, AC-6, CA-8, CM-2, CM-5, CM-6, IA-2, RA-5, SI-4"
T1574.008,persistence,16,"Mitigated by AC-2, AC-3, AC-4, AC-5, AC-6, CA-7, CA-8, CM-2, CM-6, CM-7, CM-8, RA-5, SI-10, SI-3, SI-4, SI-7"
T1574.008,privilege-escalation,16,"Mitigated by AC-2, AC-3, AC-4, AC-5, AC-6, CA-7, CA-8, CM-2, CM-6, CM-7, CM-8, RA-5, SI-10, SI-3, SI-4, SI-7"
T1574.008,defense-evasion,16,"Mitigated by AC-2, AC-3, AC-4, AC-5, AC-6, CA-7, CA-8, CM-2, CM-6, CM-7, CM-8, RA-5, SI-10, SI-3, SI-4, SI-7"
T1574.009,persistence,16,"Mitigated by AC-2, AC-3, AC-4, AC-5, AC-6, CA-7, CA-8, CM-2, CM-6, CM-7, CM-8, RA-5, SI-10, SI-3, SI-4, SI-7"
T1574.009,privilege-escalation,16,"Mitigated by AC-2, AC-3, AC-4, AC-5, AC-6, CA-7, CA-8, CM-2, CM-6, CM-7, CM-8, RA-5, SI-10, SI-3, SI-4, SI-7"
T1574.009,defense-evasion,16,"Mitigated by AC-2, AC-3, AC-4, AC-5, AC-6, CA-7, CA-8, CM-2, CM-6, CM-7, CM-8, RA-5, SI-10, SI-3, SI-4, SI-7"
T1574.010,persistence,12,"Mitigated by AC-2, AC-3, AC-4, AC-5, AC-6, CA-8, CM-2, CM-5, CM-6, IA-2, RA-5, SI-4"
T1574.010,privilege-escalation,12,"Mitigated by AC-2, AC-3, AC-4, AC-5, AC-6, CA-8, CM-2, CM-5, CM-6, IA-2, RA-5, SI-4"
T1574.010,defense-evasion,12,"Mitigated by AC-2, AC-3, AC-4, AC-5, AC-6, CA-8, CM-2, CM-5, CM-6, IA-2, RA-5, SI-4"
T1574.012,persistence,9,"Mitigated by AC-2, AC-3, AC-5, AC-6, CM-5, CM-7, IA-2, SI-10, SI-7"
T1574.012,privilege-escalation,9,"Mitigated by AC-2, AC-3, AC-5, AC-6, CM-5, CM-7, IA-2, SI-10, SI-7"
T1574.012,defense-evasion,9,"Mitigated by AC-2, AC-3, AC-5, AC-6, CM-5, CM-7, IA-2, SI-10, SI-7"
T1578,defense-evasion,11,"Mitigated by AC-2, AC-3, AC-5, AC-6, CA-8, CM-5, IA-2, IA-4, IA-6, RA-5, SI-4"
T1578.001,defense-evasion,11,"Mitigated by AC-2, AC-3, AC-5, AC-6, CA-8, CM-5, IA-2, IA-4, IA-6, RA-5, SI-4"
T1578.002,defense-evasion,11,"Mitigated by AC-2, AC-3, AC-5, AC-6, CA-8, CM-5, IA-2, IA-4, IA-6, RA-5, SI-4"
T1578.003,defense-evasion,11,"Mitigated by AC-2, AC-3, AC-5, AC-6, CA-8, CM-5, IA-2, IA-4, IA-6, RA-5, SI-4"
T1599.001,defense-evasion,18,"Mitigated by AC-2, AC-3, AC-4, AC-5, AC-6, CA-7, CM-2, CM-5, CM-6, CM-7, IA-2, IA-5, SC-28, SC-7, SI-10, SI-15, SI-4, SI-7"
T1601,defense-evasion,26,"Mitigated by AC-2, AC-3, AC-4, AC-5, AC-6, CA-8, CM-2, CM-3, CM-5, CM-6, CM-7, CM-8, IA-2, IA-5, IA-7, RA-9, SA-10, SA-11, SC-34, SI-2, SI-4, SI-7, SR-11, SR-4, SR-5, SR-6"
T1601.001,defense-evasion,26,"Mitigated by AC-2, AC-3, AC-4, AC-5, AC-6, CA-8, CM-2, CM-3, CM-5, CM-6, CM-7, CM-8, IA-2, IA-5, IA-7, RA-9, SA-10, SA-11, SC-34, SI-2, SI-4, SI-7, SR-11, SR-4, SR-5, SR-6"
T1601.002,defense-evasion,26,"Mitigated by AC-2, AC-3, AC-4, AC-5, AC-6, CA-8, CM-2, CM-3, CM-5, CM-6, CM-7, CM-8, IA-2, IA-5, IA-7, RA-9, SA-10, SA-11, SC-34, SI-2, SI-4, SI-7, SR-11, SR-4, SR-5, SR-6"
T1606,credential-access,6,"Mitigated by AC-2, AC-3, AC-5, AC-6, SC-17, SI-2"
T1606.001,credential-access,4,"Mitigated by AC-2, AC-3, AC-6, SI-2"
T1606.002,credential-access,3,"Mitigated by AC-2, AC-3, AC-6"
T1003.001,credential-access,19,"Mitigated by AC-2, AC-3, AC-4, AC-5, AC-6, CA-7, CM-2, CM-5, CM-6, CM-7, IA-2, IA-5, SC-28, SC-3, SC-39, SI-16, SI-2, SI-3, SI-4"
T1003.002,credential-access,15,"Mitigated by AC-2, AC-3, AC-5, AC-6, CA-7, CM-2, CM-5, CM-6, CM-7, IA-2, IA-5, SC-28, SC-39, SI-3, SI-4"
T1055,defense-evasion,12,"Mitigated by AC-2, AC-3, AC-5, AC-6, CM-5, CM-6, IA-2, SC-18, SC-7, SI-2, SI-3, SI-4"
T1055,privilege-escalation,12,"Mitigated by AC-2, AC-3, AC-5, AC-6, CM-5, CM-6, IA-2, SC-18, SC-7, SI-2, SI-3, SI-4"
T1068,privilege-escalation,25,"Mitigated by AC-2, AC-4, AC-6, CA-7, CA-8, CM-2, CM-6, CM-7, CM-8, RA-10, RA-5, SC-18, SC-2, SC-26, SC-29, SC-3, SC-30, SC-35, SC-39, SC-7, SI-2, SI-3, SI-4, SI-5, SI-7"
T1078,defense-evasion,22,"Mitigated by AC-2, AC-3, AC-5, AC-6, CA-7, CM-5, CM-6, IA-12, IA-2, IA-5, RA-5, SA-10, SA-11, SA-15, SA-16, SA-17, SA-3, SA-4, SA-8, SC-28, SI-4, SR-6"
T1078,persistence,22,"Mitigated by AC-2, AC-3, AC-5, AC-6, CA-7, CM-5, CM-6, IA-12, IA-2, IA-5, RA-5, SA-10, SA-11, SA-15, SA-16, SA-17, SA-3, SA-4, SA-8, SC-28, SI-4, SR-6"
T1078,privilege-escalation,22,"Mitigated by AC-2, AC-3, AC-5, AC-6, CA-7, CM-5, CM-6, IA-12, IA-2, IA-5, RA-5, SA-10, SA-11, SA-15, SA-16, SA-17, SA-3, SA-4, SA-8, SC-28, SI-4, SR-6"
T1078,initial-access,22,"Mitigated by AC-2, AC-3, AC-5, AC-6, CA-7, CM-5, CM-6, IA-12, IA-2, IA-5, RA-5, SA-10, SA-11, SA-15, SA-16, SA-17, SA-3, SA-4, SA-8, SC-28, SI-4, SR-6"
T1110.001,credential-access,14,"Mitigated by AC-2, AC-20, AC-3, AC-5, AC-6, AC-7, CA-7, CM-2, CM-6, IA-11, IA-2, IA-4, IA-5, SI-4"
T1110.002,credential-access,14,"Mitigated by AC-2, AC-20, AC-3, AC-5, AC-6, AC-7, CA-7, CM-2, CM-6, IA-11, IA-2, IA-4, IA-5, SI-4"
T1212,credential-access,24,"Mitigated by AC-2, AC-4, AC-6, CA-7, CA-8, CM-2, CM-6, CM-8, RA-10, RA-5, SC-18, SC-2, SC-26, SC-29, SC-3, SC-30, SC-35, SC-39, SC-7, SI-2, SI-3, SI-4, SI-5, SI-7"
T1218,defense-evasion,18,"Mitigated by AC-2, AC-3, AC-5, AC-6, CA-7, CM-11, CM-2, CM-5, CM-6, CM-7, CM-8, IA-2, RA-5, SI-10, SI-16, SI-3, SI-4, SI-7"
T1556,credential-access,16,"Mitigated by AC-2, AC-20, AC-3, AC-5, AC-6, AC-7, CA-7, CM-2, CM-5, CM-6, CM-7, IA-2, IA-5, SC-39, SI-4, SI-7"
T1556,defense-evasion,16,"Mitigated by AC-2, AC-20, AC-3, AC-5, AC-6, AC-7, CA-7, CM-2, CM-5, CM-6, CM-7, IA-2, IA-5, SC-39, SI-4, SI-7"
T1556,persistence,16,"Mitigated by AC-2, AC-20, AC-3, AC-5, AC-6, AC-7, CA-7, CM-2, CM-5, CM-6, CM-7, IA-2, IA-5, SC-39, SI-4, SI-7"
T1580,discovery,5,"Mitigated by AC-2, AC-3, AC-5, AC-6, IA-2"
T1599,defense-evasion,18,"Mitigated by AC-2, AC-3, AC-4, AC-5, AC-6, CA-7, CM-2, CM-5, CM-6, CM-7, IA-2, IA-5, SC-28, SC-7, SI-10, SI-15, SI-4, SI-7"
T1611,privilege-escalation,19,"Mitigated by AC-2, AC-3, AC-4, AC-5, AC-6, CM-5, CM-6, CM-7, IA-2, SC-2, SC-3, SC-34, SC-39, SC-7, SI-16, SI-2, SI-3, SI-4, SI-7"
T1070.007,defense-evasion,10,"Mitigated by AC-2, AC-3, AC-5, AC-6, CA-7, CM-2, CM-6, SI-3, SI-4, SI-7"
T1070.009,defense-evasion,10,"Mitigated by AC-2, AC-3, AC-5, AC-6, CA-7, CM-2, CM-6, SI-3, SI-4, SI-7"
T1098.005,persistence,7,"Mitigated by AC-2, AC-20, AC-3, AC-5, AC-6, CM-5, CM-6"
T1648,execution,8,"Mitigated by AC-2, AC-3, AC-6, CM-6, CM-7, IA-2, SC-7, SI-4"
T1556.005,credential-access,4,"Mitigated by AC-2, AC-5, AC-6, IA-5"
T1556.005,defense-evasion,4,"Mitigated by AC-2, AC-5, AC-6, IA-5"
T1556.005,persistence,4,"Mitigated by AC-2, AC-5, AC-6, IA-5"
T1585.003,resource-development,2,"Mitigated by AC-2, IA-2"
T1586.003,resource-development,2,"Mitigated by AC-2, IA-2"
T1621,credential-access,6,"Mitigated by AC-2, AC-6, CM-5, IA-2, IA-3, IA-5"
T1567.002,exfiltration,3,"Mitigated by AC-20, AC-4, SC-7"
T1134.005,defense-evasion,12,"Mitigated by AC-20, AC-3, AC-4, AC-5, AC-6, CM-2, CM-6, SA-11, SA-17, SA-4, SA-8, SC-3"
T1134.005,privilege-escalation,12,"Mitigated by AC-20, AC-3, AC-4, AC-5, AC-6, CM-2, CM-6, SA-11, SA-17, SA-4, SA-8, SC-3"
T1539,credential-access,10,"Mitigated by AC-20, AC-3, AC-6, CA-7, CM-2, CM-6, IA-2, IA-5, SI-3, SI-4"
T1567.001,exfiltration,3,"Mitigated by AC-20, AC-4, SC-7"
T1200,initial-access,5,"Mitigated by AC-20, AC-3, AC-6, MP-7, SC-41"
T1098.004,persistence,15,"Mitigated by AC-20, AC-3, AC-5, AC-6, CM-2, CM-5, CM-6, CM-7, CM-8, IA-2, IA-5, RA-5, SC-12, SI-3, SI-4"
T1583.007,resource-development,2,"Mitigated by AC-20, SC-7"
T1584.007,resource-development,2,"Mitigated by AC-20, SC-7"
T1037.002,persistence,7,"Mitigated by AC-3, CA-7, CM-2, CM-6, SI-3, SI-4, SI-7"
T1037.002,privilege-escalation,7,"Mitigated by AC-3, CA-7, CM-2, CM-6, SI-3, SI-4, SI-7"
T1037.005,persistence,7,"Mitigated by AC-3, CA-7, CM-2, CM-6, SI-3, SI-4, SI-7"
T1037.005,privilege-escalation,7,"Mitigated by AC-3, CA-7, CM-2, CM-6, SI-3, SI-4, SI-7"
T1095,command-and-control,11,"Mitigated by AC-3, AC-4, CA-7, CM-2, CM-6, CM-7, SC-7, SI-10, SI-15, SI-3, SI-4"
T1205,defense-evasion,9,"Mitigated by AC-3, AC-4, CA-7, CM-2, CM-6, CM-7, SC-7, SI-15, SI-4"
T1205,persistence,9,"Mitigated by AC-3, AC-4, CA-7, CM-2, CM-6, CM-7, SC-7, SI-15, SI-4"
T1205,command-and-control,9,"Mitigated by AC-3, AC-4, CA-7, CM-2, CM-6, CM-7, SC-7, SI-15, SI-4"
T1205.001,defense-evasion,8,"Mitigated by AC-3, AC-4, CA-7, CM-6, CM-7, SC-7, SI-15, SI-4"
T1205.001,persistence,8,"Mitigated by AC-3, AC-4, CA-7, CM-6, CM-7, SC-7, SI-15, SI-4"
T1205.001,command-and-control,8,"Mitigated by AC-3, AC-4, CA-7, CM-6, CM-7, SC-7, SI-15, SI-4"
T1218.012,defense-evasion,16,"Mitigated by AC-3, AC-4, CA-7, CM-11, CM-2, CM-6, CM-7, CM-8, RA-5, SC-7, SI-10, SI-15, SI-16, SI-3, SI-4, SI-7"
T1486,impact,11,"Mitigated by AC-3, AC-6, CM-2, CP-10, CP-2, CP-6, CP-7, CP-9, SI-3, SI-4, SI-7"
T1490,impact,12,"Mitigated by AC-3, AC-6, CM-2, CM-6, CM-7, CP-10, CP-2, CP-7, CP-9, SI-3, SI-4, SI-7"
T1491,impact,10,"Mitigated by AC-3, AC-6, CM-2, CP-10, CP-2, CP-7, CP-9, SI-3, SI-4, SI-7"
T1491.001,impact,10,"Mitigated by AC-3, AC-6, CM-2, CP-10, CP-2, CP-7, CP-9, SI-3, SI-4, SI-7"
T1491.002,impact,10,"Mitigated by AC-3, AC-6, CM-2, CP-10, CP-2, CP-7, CP-9, SI-3, SI-4, SI-7"
T1498.001,impact,8,"Mitigated by AC-3, AC-4, CA-7, CM-6, CM-7, SC-7, SI-10, SI-15"
T1498.002,impact,8,"Mitigated by AC-3, AC-4, CA-7, CM-6, CM-7, SC-7, SI-10, SI-15"
T1499,impact,9,"Mitigated by AC-3, AC-4, CA-7, CM-6, CM-7, SC-7, SI-10, SI-15, SI-4"
T1499.001,impact,9,"Mitigated by AC-3, AC-4, CA-7, CM-6, CM-7, SC-7, SI-10, SI-15, SI-4"
T1499.002,impact,9,"Mitigated by AC-3, AC-4, CA-7, CM-6, CM-7, SC-7, SI-10, SI-15, SI-4"
T1499.003,impact,9,"Mitigated by AC-3, AC-4, CA-7, CM-6, CM-7, SC-7, SI-10, SI-15, SI-4"
T1499.004,impact,9,"Mitigated by AC-3, AC-4, CA-7, CM-6, CM-7, SC-7, SI-10, SI-15, SI-4"
T1565.003,impact,13,"Mitigated by AC-3, AC-4, CA-7, CM-6, CM-7, CP-9, SC-28, SC-4, SC-46, SC-7, SI-16, SI-4, SI-7"
T1570,lateral-movement,11,"Mitigated by AC-3, AC-4, CA-7, CM-2, CM-6, CM-7, SC-7, SI-10, SI-15, SI-3, SI-4"
T1037.003,persistence,7,"Mitigated by AC-3, CA-7, CM-2, CM-6, SI-3, SI-4, SI-7"
T1037.003,privilege-escalation,7,"Mitigated by AC-3, CA-7, CM-2, CM-6, SI-3, SI-4, SI-7"
T1037.004,persistence,7,"Mitigated by AC-3, CA-7, CM-2, CM-6, SI-3, SI-4, SI-7"
T1037.004,privilege-escalation,7,"Mitigated by AC-3, CA-7, CM-2, CM-6, SI-3, SI-4, SI-7"
T1048.001,exfiltration,12,"Mitigated by AC-3, AC-4, CA-7, CM-2, CM-6, CM-7, SC-46, SC-7, SI-10, SI-15, SI-3, SI-4"
T1055.009,defense-evasion,9,"Mitigated by AC-3, AC-6, CA-7, SC-18, SC-7, SI-16, SI-2, SI-3, SI-4"
T1055.009,privilege-escalation,9,"Mitigated by AC-3, AC-6, CA-7, SC-18, SC-7, SI-16, SI-2, SI-3, SI-4"
T1071.004,command-and-control,18,"Mitigated by AC-3, AC-4, CA-7, CM-2, CM-6, CM-7, SC-10, SC-20, SC-21, SC-22, SC-23, SC-31, SC-37, SC-7, SI-10, SI-15, SI-3, SI-4"
T1080,lateral-movement,10,"Mitigated by AC-3, CA-7, CM-2, CM-7, SC-4, SC-7, SI-10, SI-3, SI-4, SI-7"
T1090,command-and-control,12,"Mitigated by AC-3, AC-4, CA-7, CM-2, CM-6, CM-7, SC-7, SC-8, SI-10, SI-15, SI-3, SI-4"
T1090.003,command-and-control,8,"Mitigated by AC-3, AC-4, CA-7, CM-6, CM-7, SC-7, SI-10, SI-15"
T1187,credential-access,10,"Mitigated by AC-3, AC-4, CA-7, CM-2, CM-6, CM-7, SC-7, SI-10, SI-15, SI-4"
T1218.002,defense-evasion,11,"Mitigated by AC-3, CA-7, CM-11, CM-2, CM-6, CM-7, SI-10, SI-16, SI-3, SI-4, SI-7"
T1485,impact,10,"Mitigated by AC-3, AC-6, CM-2, CP-10, CP-2, CP-7, CP-9, SI-3, SI-4, SI-7"
T1498,impact,8,"Mitigated by AC-3, AC-4, CA-7, CM-6, CM-7, SC-7, SI-10, SI-15"
T1542.004,defense-evasion,20,"Mitigated by AC-3, AC-6, CA-7, CA-8, CM-2, CM-3, CM-5, CM-6, CM-7, CM-8, IA-7, RA-5, RA-9, SA-10, SA-11, SC-34, SC-7, SI-2, SI-4, SI-7"
T1542.004,persistence,20,"Mitigated by AC-3, AC-6, CA-7, CA-8, CM-2, CM-3, CM-5, CM-6, CM-7, CM-8, IA-7, RA-5, RA-9, SA-10, SA-11, SC-34, SC-7, SI-2, SI-4, SI-7"
T1546.004,privilege-escalation,8,"Mitigated by AC-3, AC-6, CA-7, CM-2, CM-6, SI-3, SI-4, SI-7"
T1546.004,persistence,8,"Mitigated by AC-3, AC-6, CA-7, CM-2, CM-6, SI-3, SI-4, SI-7"
T1546.013,privilege-escalation,10,"Mitigated by AC-3, AC-6, CA-7, CM-10, CM-2, CM-6, IA-9, SI-3, SI-4, SI-7"
T1546.013,persistence,10,"Mitigated by AC-3, AC-6, CA-7, CM-10, CM-2, CM-6, IA-9, SI-3, SI-4, SI-7"
T1553.003,defense-evasion,10,"Mitigated by AC-3, AC-6, CA-7, CM-2, CM-6, CM-7, SI-10, SI-3, SI-4, SI-7"
T1561,impact,10,"Mitigated by AC-3, AC-6, CM-2, CP-10, CP-2, CP-7, CP-9, SI-3, SI-4, SI-7"
T1561.001,impact,10,"Mitigated by AC-3, AC-6, CM-2, CP-10, CP-2, CP-7, CP-9, SI-3, SI-4, SI-7"
T1561.002,impact,10,"Mitigated by AC-3, AC-6, CM-2, CP-10, CP-2, CP-7, CP-9, SI-3, SI-4, SI-7"
T1572,command-and-control,11,"Mitigated by AC-3, AC-4, CA-7, CM-2, CM-6, CM-7, SC-7, SI-10, SI-15, SI-3, SI-4"
T1091,lateral-movement,10,"Mitigated by AC-3, AC-6, CM-2, CM-6, CM-8, MP-7, RA-5, SC-41, SI-3, SI-4"
T1091,initial-access,10,"Mitigated by AC-3, AC-6, CM-2, CM-6, CM-8, MP-7, RA-5, SC-41, SI-3, SI-4"
T1199,initial-access,8,"Mitigated by AC-3, AC-4, AC-6, AC-8, CM-6, CM-7, SC-46, SC-7"
T1557.001,credential-access,15,"Mitigated by AC-3, AC-4, CA-7, CM-2, CM-6, CM-7, CM-8, SC-23, SC-46, SC-7, SC-8, SI-10, SI-15, SI-3, SI-4"
T1557.001,collection,15,"Mitigated by AC-3, AC-4, CA-7, CM-2, CM-6, CM-7, CM-8, SC-23, SC-46, SC-7, SC-8, SI-10, SI-15, SI-3, SI-4"
T1557.003,credential-access,15,"Mitigated by AC-3, AC-4, CA-7, CM-2, CM-6, CM-7, CM-8, SC-23, SC-46, SC-7, SC-8, SI-10, SI-15, SI-3, SI-4"
T1557.003,collection,15,"Mitigated by AC-3, AC-4, CA-7, CM-2, CM-6, CM-7, CM-8, SC-23, SC-46, SC-7, SC-8, SI-10, SI-15, SI-3, SI-4"
T1622,defense-evasion,15,"Mitigated by AC-3, AC-4, CA-7, CM-2, CM-6, CM-7, CM-8, SC-23, SC-46, SC-7, SC-8, SI-10, SI-15, SI-3, SI-4"
T1622,discovery,15,"Mitigated by AC-3, AC-4, CA-7, CM-2, CM-6, CM-7, CM-8, SC-23, SC-46, SC-7, SC-8, SI-10, SI-15, SI-3, SI-4"
T1105,command-and-control,8,"Mitigated by AC-4, CA-7, CM-2, CM-6, CM-7, SC-7, SI-3, SI-4"
T1189,initial-access,18,"Mitigated by AC-4, AC-6, CA-7, CM-2, CM-6, CM-8, SA-22, SC-18, SC-2, SC-29, SC-3, SC-30, SC-39, SC-7, SI-2, SI-3, SI-4, SI-7"
T1203,execution,15,"Mitigated by AC-4, AC-6, CA-7, CM-8, SC-18, SC-2, SC-29, SC-3, SC-30, SC-39, SC-44, SC-7, SI-3, SI-4, SI-7"
T1211,defense-evasion,23,"Mitigated by AC-4, AC-6, CA-7, CA-8, CM-2, CM-6, CM-8, RA-10, RA-5, SC-18, SC-2, SC-26, SC-29, SC-3, SC-30, SC-35, SC-39, SC-7, SI-2, SI-3, SI-4, SI-5, SI-7"
T1559.002,execution,14,"Mitigated by AC-4, AC-6, CM-10, CM-2, CM-6, CM-7, CM-8, RA-5, SC-18, SC-3, SC-7, SI-2, SI-3, SI-4"
T1568.002,command-and-control,8,"Mitigated by AC-4, CA-7, SC-20, SC-21, SC-22, SC-7, SI-3, SI-4"
T1001,command-and-control,7,"Mitigated by AC-4, CA-7, CM-2, CM-6, SC-7, SI-3, SI-4"
T1001.001,command-and-control,7,"Mitigated by AC-4, CA-7, CM-2, CM-6, SC-7, SI-3, SI-4"
T1001.002,command-and-control,7,"Mitigated by AC-4, CA-7, CM-2, CM-6, SC-7, SI-3, SI-4"
T1001.003,command-and-control,7,"Mitigated by AC-4, CA-7, CM-2, CM-6, SC-7, SI-3, SI-4"
T1008,command-and-control,8,"Mitigated by AC-4, CA-7, CM-2, CM-6, CM-7, SC-7, SI-3, SI-4"
T1029,exfiltration,7,"Mitigated by AC-4, CA-7, CM-2, CM-6, SC-7, SI-3, SI-4"
T1030,exfiltration,7,"Mitigated by AC-4, CA-7, CM-2, CM-6, SC-7, SI-3, SI-4"
T1071,command-and-control,15,"Mitigated by AC-4, CA-7, CM-2, CM-6, CM-7, SC-10, SC-20, SC-21, SC-22, SC-23, SC-31, SC-37, SC-7, SI-3, SI-4"
T1071.001,command-and-control,15,"Mitigated by AC-4, CA-7, CM-2, CM-6, CM-7, SC-10, SC-20, SC-21, SC-22, SC-23, SC-31, SC-37, SC-7, SI-3, SI-4"
T1071.002,command-and-control,15,"Mitigated by AC-4, CA-7, CM-2, CM-6, CM-7, SC-10, SC-20, SC-21, SC-22, SC-23, SC-31, SC-37, SC-7, SI-3, SI-4"
T1071.003,command-and-control,15,"Mitigated by AC-4, CA-7, CM-2, CM-6, CM-7, SC-10, SC-20, SC-21, SC-22, SC-23, SC-31, SC-37, SC-7, SI-3, SI-4"
T1090.001,command-and-control,8,"Mitigated by AC-4, CA-7, CM-2, CM-6, CM-7, SC-7, SI-3, SI-4"
T1090.002,command-and-control,8,"Mitigated by AC-4, CA-7, CM-2, CM-6, CM-7, SC-7, SI-3, SI-4"
T1102,command-and-control,8,"Mitigated by AC-4, CA-7, CM-2, CM-6, CM-7, SC-7, SI-3, SI-4"
T1102.001,command-and-control,8,"Mitigated by AC-4, CA-7, CM-2, CM-6, CM-7, SC-7, SI-3, SI-4"
T1102.002,command-and-control,8,"Mitigated by AC-4, CA-7, CM-2, CM-6, CM-7, SC-7, SI-3, SI-4"
T1102.003,command-and-control,8,"Mitigated by AC-4, CA-7, CM-2, CM-6, CM-7, SC-7, SI-3, SI-4"
T1104,command-and-control,8,"Mitigated by AC-4, CA-7, CM-2, CM-6, CM-7, SC-7, SI-3, SI-4"
T1132,command-and-control,7,"Mitigated by AC-4, CA-7, CM-2, CM-6, SC-7, SI-3, SI-4"
T1132.001,command-and-control,7,"Mitigated by AC-4, CA-7, CM-2, CM-6, SC-7, SI-3, SI-4"
T1132.002,command-and-control,7,"Mitigated by AC-4, CA-7, CM-2, CM-6, SC-7, SI-3, SI-4"
T1204.001,execution,11,"Mitigated by AC-4, CA-7, CM-2, CM-6, CM-7, SC-44, SC-7, SI-2, SI-3, SI-4, SI-8"
T1204.003,execution,18,"Mitigated by AC-4, CA-7, CA-8, CM-2, CM-6, CM-7, RA-5, SC-44, SC-7, SI-2, SI-3, SI-4, SI-7, SI-8, SR-11, SR-4, SR-5, SR-6"
T1564.008,defense-evasion,8,"Mitigated by AC-4, CM-3, CM-5, CM-7, IR-5, SI-3, SI-4, SI-7"
T1566,initial-access,12,"Mitigated by AC-4, CA-7, CM-2, CM-6, IA-9, SC-20, SC-44, SC-7, SI-2, SI-3, SI-4, SI-8"
T1566.001,initial-access,12,"Mitigated by AC-4, CA-7, CM-2, CM-6, IA-9, SC-20, SC-44, SC-7, SI-2, SI-3, SI-4, SI-8"
T1566.003,initial-access,8,"Mitigated by AC-4, CA-7, SC-44, SC-7, SI-2, SI-3, SI-4, SI-8"
T1568,command-and-control,8,"Mitigated by AC-4, CA-7, SC-20, SC-21, SC-22, SC-7, SI-3, SI-4"
T1571,command-and-control,8,"Mitigated by AC-4, CA-7, CM-2, CM-6, CM-7, SC-7, SI-3, SI-4"
T1573,command-and-control,11,"Mitigated by AC-4, CA-7, CM-2, CM-6, CM-7, SC-12, SC-16, SC-23, SC-7, SI-3, SI-4"
T1573.001,command-and-control,11,"Mitigated by AC-4, CA-7, CM-2, CM-6, CM-7, SC-12, SC-16, SC-23, SC-7, SI-3, SI-4"
T1573.002,command-and-control,11,"Mitigated by AC-4, CA-7, CM-2, CM-6, CM-7, SC-12, SC-16, SC-23, SC-7, SI-3, SI-4"
T1598,reconnaissance,11,"Mitigated by AC-4, CA-7, CM-2, CM-6, IA-9, SC-20, SC-44, SC-7, SI-3, SI-4, SI-8"
T1598.001,reconnaissance,7,"Mitigated by AC-4, CA-7, SC-44, SC-7, SI-3, SI-4, SI-8"
T1598.002,reconnaissance,11,"Mitigated by AC-4, CA-7, CM-2, CM-6, IA-9, SC-20, SC-44, SC-7, SI-3, SI-4, SI-8"
T1046,discovery,11,"Mitigated by AC-4, CA-7, CM-2, CM-6, CM-7, CM-8, RA-5, SC-46, SC-7, SI-3, SI-4"
T1482,discovery,9,"Mitigated by AC-4, CA-8, CM-6, CM-7, RA-5, SA-17, SA-8, SC-46, SC-7"
T1566.002,initial-access,11,"Mitigated by AC-4, CA-7, CM-2, CM-6, IA-9, SC-20, SC-44, SC-7, SI-3, SI-4, SI-8"
T1598.003,reconnaissance,11,"Mitigated by AC-4, CA-7, CM-2, CM-6, IA-9, SC-20, SC-44, SC-7, SI-3, SI-4, SI-8"
T1204,execution,13,"Mitigated by AC-4, CA-7, CM-2, CM-6, CM-7, SC-44, SC-7, SI-10, SI-2, SI-3, SI-4, SI-7, SI-8"
T1204.002,execution,12,"Mitigated by AC-4, CA-7, CM-2, CM-6, CM-7, SC-44, SC-7, SI-10, SI-3, SI-4, SI-7, SI-8"
T1205.002,defense-evasion,2,"Mitigated by AC-4, SI-4"
T1205.002,persistence,2,"Mitigated by AC-4, SI-4"
T1205.002,command-and-control,2,"Mitigated by AC-4, SI-4"
T1106,execution,7,"Mitigated by AC-6, CM-2, CM-6, CM-7, SI-2, SI-3, SI-4"
T1176,persistence,15,"Mitigated by AC-6, CA-7, CA-8, CM-11, CM-2, CM-3, CM-5, CM-6, CM-7, RA-5, SC-7, SI-10, SI-3, SI-4, SI-7"
T1574.011,persistence,2,"Mitigated by AC-6, CM-5"
T1574.011,privilege-escalation,2,"Mitigated by AC-6, CM-5"
T1574.011,defense-evasion,2,"Mitigated by AC-6, CM-5"
T1055.002,defense-evasion,6,"Mitigated by AC-6, SC-18, SC-7, SI-2, SI-3, SI-4"
T1055.002,privilege-escalation,6,"Mitigated by AC-6, SC-18, SC-7, SI-2, SI-3, SI-4"
T1055.003,defense-evasion,6,"Mitigated by AC-6, SC-18, SC-7, SI-2, SI-3, SI-4"
T1055.003,privilege-escalation,6,"Mitigated by AC-6, SC-18, SC-7, SI-2, SI-3, SI-4"
T1055.004,defense-evasion,6,"Mitigated by AC-6, SC-18, SC-7, SI-2, SI-3, SI-4"
T1055.004,privilege-escalation,6,"Mitigated by AC-6, SC-18, SC-7, SI-2, SI-3, SI-4"
T1055.005,defense-evasion,6,"Mitigated by AC-6, SC-18, SC-7, SI-2, SI-3, SI-4"
T1055.005,privilege-escalation,6,"Mitigated by AC-6, SC-18, SC-7, SI-2, SI-3, SI-4"
T1055.011,defense-evasion,6,"Mitigated by AC-6, SC-18, SC-7, SI-2, SI-3, SI-4"
T1055.011,privilege-escalation,6,"Mitigated by AC-6, SC-18, SC-7, SI-2, SI-3, SI-4"
T1055.012,defense-evasion,6,"Mitigated by AC-6, SC-18, SC-7, SI-2, SI-3, SI-4"
T1055.012,privilege-escalation,6,"Mitigated by AC-6, SC-18, SC-7, SI-2, SI-3, SI-4"
T1055.013,defense-evasion,6,"Mitigated by AC-6, SC-18, SC-7, SI-2, SI-3, SI-4"
T1055.013,privilege-escalation,6,"Mitigated by AC-6, SC-18, SC-7, SI-2, SI-3, SI-4"
T1112,defense-evasion,2,"Mitigated by AC-6, CM-7"
T1137.001,persistence,10,"Mitigated by AC-6, CM-2, CM-6, CM-8, RA-5, SC-18, SC-44, SI-3, SI-4, SI-8"
T1137.003,persistence,7,"Mitigated by AC-6, CM-2, CM-6, SC-18, SC-44, SI-2, SI-8"
T1137.004,persistence,7,"Mitigated by AC-6, CM-2, CM-6, SC-18, SC-44, SI-2, SI-8"
T1137.005,persistence,7,"Mitigated by AC-6, CM-2, CM-6, SC-18, SC-44, SI-2, SI-8"
T1137.006,persistence,6,"Mitigated by AC-6, CM-2, CM-6, SC-18, SC-44, SI-8"
T1546.011,privilege-escalation,2,"Mitigated by AC-6, SI-2"
T1546.011,persistence,2,"Mitigated by AC-6, SI-2"
T1553,defense-evasion,19,"Mitigated by AC-6, CA-8, CM-10, CM-2, CM-3, CM-5, CM-6, CM-7, CM-8, IA-7, IA-9, RA-9, SA-10, SA-11, SC-34, SI-10, SI-2, SI-4, SI-7"
T1553.006,defense-evasion,13,"Mitigated by AC-6, CA-8, CM-3, CM-5, CM-7, CM-8, IA-7, RA-9, SA-10, SA-11, SC-34, SI-2, SI-7"
T1055.001,defense-evasion,6,"Mitigated by AC-6, SC-18, SC-7, SI-2, SI-3, SI-4"
T1055.001,privilege-escalation,6,"Mitigated by AC-6, SC-18, SC-7, SI-2, SI-3, SI-4"
T1055.014,defense-evasion,6,"Mitigated by AC-6, SC-18, SC-7, SI-2, SI-3, SI-4"
T1055.014,privilege-escalation,6,"Mitigated by AC-6, SC-18, SC-7, SI-2, SI-3, SI-4"
T1546.016,privilege-escalation,7,"Mitigated by AC-6, CA-7, CM-5, CM-6, SI-2, SI-3, SI-4"
T1546.016,persistence,7,"Mitigated by AC-6, CA-7, CM-5, CM-6, SI-2, SI-3, SI-4"
T1593.003,reconnaissance,3,"Mitigated by AU-5, AU-6, CM-8"
T1649,credential-access,3,"Mitigated by AU-5, IA-2, IA-5"
T1195,initial-access,8,"Mitigated by CA-2, CA-7, CM-11, CM-7, RA-10, RA-5, SA-22, SI-2"
T1195.001,initial-access,8,"Mitigated by CA-2, CA-7, CM-11, CM-7, RA-10, RA-5, SA-22, SI-2"
T1195.002,initial-access,8,"Mitigated by CA-2, CA-7, CM-11, CM-7, RA-10, RA-5, SA-22, SI-2"
T1218.010,defense-evasion,4,"Mitigated by CA-7, SI-10, SI-4, SI-7"
T1221,defense-evasion,14,"Mitigated by CA-7, CM-2, CM-6, CM-7, CM-8, RA-5, SC-44, SC-7, SI-10, SI-2, SI-3, SI-4, SI-7, SI-8"
T1555.002,credential-access,3,"Mitigated by CA-7, IA-5, SI-4"
T1036.007,defense-evasion,6,"Mitigated by CA-7, CM-2, CM-6, CM-7, IA-2, SI-4"
T1555,credential-access,3,"Mitigated by CA-7, IA-5, SI-4"
T1056.002,collection,4,"Mitigated by CA-7, SI-3, SI-4, SI-7"
T1056.002,credential-access,4,"Mitigated by CA-7, SI-3, SI-4, SI-7"
T1111,credential-access,7,"Mitigated by CA-7, CM-2, CM-6, IA-2, IA-5, SI-3, SI-4"
T1201,discovery,5,"Mitigated by CA-7, CM-2, CM-6, SI-3, SI-4"
T1218.011,defense-evasion,4,"Mitigated by CA-7, SI-10, SI-4, SI-7"
T1555.001,credential-access,3,"Mitigated by CA-7, IA-5, SI-4"
T1564.010,defense-evasion,3,"Mitigated by CA-7, SI-4, SI-7"
T1574.013,persistence,7,"Mitigated by CA-7, CA-8, SI-10, SI-2, SI-3, SI-4, SI-7"
T1574.013,privilege-escalation,7,"Mitigated by CA-7, CA-8, SI-10, SI-2, SI-3, SI-4, SI-7"
T1574.013,defense-evasion,7,"Mitigated by CA-7, CA-8, SI-10, SI-2, SI-3, SI-4, SI-7"
T1505.001,persistence,14,"Mitigated by CA-8, CM-11, CM-2, CM-6, CM-8, RA-5, SA-10, SA-11, SI-14, SI-7, SR-11, SR-4, SR-5, SR-6"
T1554,persistence,9,"Mitigated by CA-8, CM-2, CM-6, IA-9, SI-7, SR-11, SR-4, SR-5, SR-6"
T1560,collection,5,"Mitigated by CA-8, RA-5, SC-7, SI-3, SI-4"
T1574.001,persistence,9,"Mitigated by CA-8, CM-2, CM-6, CM-7, RA-5, SI-10, SI-3, SI-4, SI-7"
T1574.001,privilege-escalation,9,"Mitigated by CA-8, CM-2, CM-6, CM-7, RA-5, SI-10, SI-3, SI-4, SI-7"
T1574.001,defense-evasion,9,"Mitigated by CA-8, CM-2, CM-6, CM-7, RA-5, SI-10, SI-3, SI-4, SI-7"
T1195.003,initial-access,11,"Mitigated by CA-8, CM-3, CM-5, CM-8, IA-7, RA-9, SA-10, SA-11, SC-34, SI-2, SI-7"
T1560.001,collection,5,"Mitigated by CA-8, RA-5, SC-7, SI-3, SI-4"
T1546.008,privilege-escalation,6,"Mitigated by CM-10, CM-6, CM-7, SI-10, SI-4, SI-7"
T1546.008,persistence,6,"Mitigated by CM-10, CM-6, CM-7, SI-10, SI-4, SI-7"
T1553.004,defense-evasion,6,"Mitigated by CM-10, CM-6, CM-7, IA-9, SC-20, SI-4"
T1218.003,defense-evasion,11,"Mitigated by CM-11, CM-2, CM-6, CM-7, CM-8, RA-5, SI-10, SI-16, SI-3, SI-4, SI-7"
T1218.004,defense-evasion,11,"Mitigated by CM-11, CM-2, CM-6, CM-7, CM-8, RA-5, SI-10, SI-16, SI-3, SI-4, SI-7"
T1218.008,defense-evasion,11,"Mitigated by CM-11, CM-2, CM-6, CM-7, CM-8, RA-5, SI-10, SI-16, SI-3, SI-4, SI-7"
T1218.009,defense-evasion,11,"Mitigated by CM-11, CM-2, CM-6, CM-7, CM-8, RA-5, SI-10, SI-16, SI-3, SI-4, SI-7"
T1218.013,defense-evasion,11,"Mitigated by CM-11, CM-2, CM-6, CM-7, CM-8, RA-5, SI-10, SI-16, SI-3, SI-4, SI-7"
T1218.014,defense-evasion,11,"Mitigated by CM-11, CM-2, CM-6, CM-7, CM-8, RA-5, SI-10, SI-16, SI-3, SI-4, SI-7"
T1218.001,defense-evasion,10,"Mitigated by CM-11, CM-2, CM-6, CM-7, SC-18, SI-10, SI-16, SI-3, SI-4, SI-7"
T1218.005,defense-evasion,11,"Mitigated by CM-11, CM-2, CM-6, CM-7, CM-8, RA-5, SI-10, SI-16, SI-3, SI-4, SI-7"
T1564.009,defense-evasion,13,"Mitigated by CM-11, CM-2, CM-6, CM-7, SA-10, SC-4, SC-44, SC-6, SI-10, SI-15, SI-3, SI-4, SI-7"
T1027,defense-evasion,6,"Mitigated by CM-2, CM-6, SI-2, SI-3, SI-4, SI-7"
T1129,execution,5,"Mitigated by CM-2, CM-7, SI-10, SI-4, SI-7"
T1216,defense-evasion,6,"Mitigated by CM-2, CM-6, CM-7, SI-10, SI-4, SI-7"
T1216.001,defense-evasion,6,"Mitigated by CM-2, CM-6, CM-7, SI-10, SI-4, SI-7"
T1546,privilege-escalation,4,"Mitigated by CM-2, CM-6, IA-9, SI-7"
T1546,persistence,4,"Mitigated by CM-2, CM-6, IA-9, SI-7"
T1546.002,privilege-escalation,9,"Mitigated by CM-2, CM-6, CM-7, CM-8, RA-5, SI-10, SI-3, SI-4, SI-7"
T1546.002,persistence,9,"Mitigated by CM-2, CM-6, CM-7, CM-8, RA-5, SI-10, SI-3, SI-4, SI-7"
T1546.006,privilege-escalation,14,"Mitigated by CM-2, CM-6, CM-7, CM-8, IA-9, SI-10, SI-2, SI-3, SI-4, SI-7, SR-11, SR-4, SR-5, SR-6"
T1546.006,persistence,14,"Mitigated by CM-2, CM-6, CM-7, CM-8, IA-9, SI-10, SI-2, SI-3, SI-4, SI-7, SR-11, SR-4, SR-5, SR-6"
T1547.008,persistence,7,"Mitigated by CM-2, CM-6, RA-5, SC-39, SI-3, SI-4, SI-7"
T1547.008,privilege-escalation,7,"Mitigated by CM-2, CM-6, RA-5, SC-39, SI-3, SI-4, SI-7"
T1553.001,defense-evasion,6,"Mitigated by CM-2, CM-6, CM-7, SI-10, SI-4, SI-7"
T1553.005,defense-evasion,6,"Mitigated by CM-2, CM-6, CM-7, SI-10, SI-4, SI-7"
T1562.003,defense-evasion,4,"Mitigated by CM-2, CM-6, CM-7, SI-4"
T1562.010,defense-evasion,4,"Mitigated by CM-2, CM-6, RA-5, SI-4"
T1036.001,defense-evasion,5,"Mitigated by CM-2, CM-6, IA-9, SI-4, SI-7"
T1092,command-and-control,8,"Mitigated by CM-2, CM-6, CM-7, CM-8, MP-7, RA-5, SI-3, SI-4"
T1127,defense-evasion,8,"Mitigated by CM-2, CM-6, CM-7, CM-8, RA-5, SI-10, SI-4, SI-7"
T1127.001,defense-evasion,5,"Mitigated by CM-2, CM-6, CM-8, RA-5, SI-4"
T1220,defense-evasion,6,"Mitigated by CM-2, CM-6, CM-7, SI-10, SI-4, SI-7"
T1546.010,privilege-escalation,5,"Mitigated by CM-2, CM-7, SI-10, SI-2, SI-7"
T1546.010,persistence,5,"Mitigated by CM-2, CM-7, SI-10, SI-2, SI-7"
T1546.014,privilege-escalation,6,"Mitigated by CM-2, CM-6, CM-8, RA-5, SI-3, SI-4"
T1546.014,persistence,6,"Mitigated by CM-2, CM-6, CM-8, RA-5, SI-3, SI-4"
T1548.004,privilege-escalation,11,"Mitigated by CM-2, CM-6, CM-7, CM-8, SC-18, SC-34, SI-12, SI-16, SI-3, SI-4, SI-7"
T1548.004,defense-evasion,11,"Mitigated by CM-2, CM-6, CM-7, CM-8, SC-18, SC-34, SI-12, SI-16, SI-3, SI-4, SI-7"
T1555.005,credential-access,6,"Mitigated by CM-2, CM-6, IA-2, IA-5, SI-2, SI-4"
T1564.006,defense-evasion,7,"Mitigated by CM-2, CM-6, CM-7, CM-8, SI-10, SI-4, SI-7"
T1564.007,defense-evasion,4,"Mitigated by CM-2, CM-6, CM-8, SI-4"
T1555.004,credential-access,5,"Mitigated by CM-2, CM-6, CM-7, IA-5, SI-4"
T1559.003,execution,7,"Mitigated by CM-5, CM-6, CM-7, SA-10, SA-11, SA-8, SI-4"
T1547.002,persistence,5,"Mitigated by CM-6, SC-39, SI-3, SI-4, SI-7"
T1547.002,privilege-escalation,5,"Mitigated by CM-6, SC-39, SI-3, SI-4, SI-7"
T1552.003,credential-access,4,"Mitigated by CM-6, CM-7, SC-28, SI-4"
T1564.002,defense-evasion,3,"Mitigated by CM-6, CM-7, SI-4"
T1087,discovery,3,"Mitigated by CM-6, CM-7, SI-4"
T1135,discovery,3,"Mitigated by CM-6, CM-7, SI-4"
T1547.005,persistence,5,"Mitigated by CM-6, SC-39, SI-3, SI-4, SI-7"
T1547.005,privilege-escalation,5,"Mitigated by CM-6, SC-39, SI-3, SI-4, SI-7"
T1556.002,credential-access,3,"Mitigated by CM-6, CM-7, SI-4"
T1556.002,defense-evasion,3,"Mitigated by CM-6, CM-7, SI-4"
T1556.002,persistence,3,"Mitigated by CM-6, CM-7, SI-4"
T1574.006,persistence,4,"Mitigated by CM-6, CM-7, SI-10, SI-7"
T1574.006,privilege-escalation,4,"Mitigated by CM-6, CM-7, SI-10, SI-7"
T1574.006,defense-evasion,4,"Mitigated by CM-6, CM-7, SI-10, SI-7"
T1087.001,discovery,3,"Mitigated by CM-6, CM-7, SI-4"
T1087.002,discovery,3,"Mitigated by CM-6, CM-7, SI-4"
T1548.001,privilege-escalation,3,"Mitigated by CM-6, CM-7, SI-4"
T1548.001,defense-evasion,3,"Mitigated by CM-6, CM-7, SI-4"
T1546.009,privilege-escalation,3,"Mitigated by CM-7, SI-10, SI-7"
T1546.009,persistence,3,"Mitigated by CM-7, SI-10, SI-7"
T1564.003,defense-evasion,3,"Mitigated by CM-7, SI-10, SI-7"
T1574.002,persistence,9,"Mitigated by SA-10, SA-11, SA-15, SA-16, SA-17, SA-3, SA-4, SA-8, SI-2"
T1574.002,privilege-escalation,9,"Mitigated by SA-10, SA-11, SA-15, SA-16, SA-17, SA-3, SA-4, SA-8, SI-2"
T1574.002,defense-evasion,9,"Mitigated by SA-10, SA-11, SA-15, SA-16, SA-17, SA-3, SA-4, SA-8, SI-2"
T1535,defense-evasion,1,Mitigated by SC-23
T1550.004,defense-evasion,3,"Mitigated by SC-23, SC-8, SI-7"
T1550.004,lateral-movement,3,"Mitigated by SC-23, SC-8, SI-7"
T1595.003,reconnaissance,1,Mitigated by SC-4
T1090.004,command-and-control,1,Mitigated by SC-8
T1027.002,defense-evasion,4,"Mitigated by SI-2, SI-3, SI-4, SI-7"
T1027.007,defense-evasion,4,"Mitigated by SI-2, SI-3, SI-4, SI-7"
T1027.008,defense-evasion,4,"Mitigated by SI-2, SI-3, SI-4, SI-7"
T1027.009,defense-evasion,4,"Mitigated by SI-2, SI-3, SI-4, SI-7"
T1055.015,defense-evasion,1,Mitigated by SI-3
T1055.015,privilege-escalation,1,Mitigated by SI-3
